#
# There is insufficient memory for the Java Runtime Environment to continue.
# Native memory allocation (mmap) failed to map 2113929216 bytes for G1 virtual space
# Possible reasons:
#   The system is out of physical RAM or swap space
#   The process is running with CompressedOops enabled, and the Java Heap may be blocking the growth of the native heap
# Possible solutions:
#   Reduce memory load on the system
#   Increase physical memory or swap space
#   Check if swap backing store is full
#   Decrease Java heap size (-Xmx/-Xms)
#   Decrease number of Java threads
#   Decrease Java thread stack sizes (-Xss)
#   Set larger code cache with -XX:ReservedCodeCacheSize=
#   JVM is running with Zero Based Compressed Oops mode in which the Java heap is
#     placed in the first 32GB address space. The Java Heap base address is the
#     maximum limit for the native heap growth. Please use -XX:HeapBaseMinAddress
#     to set the Java Heap base and to place the Java Heap above 32GB virtual address.
# This output file may be truncated or incomplete.
#
#  Out of Memory Error (os_windows.cpp:3548), pid=8668, tid=8916
#
# JRE version: Java(TM) SE Runtime Environment (17.0.12+8) (build 17.0.12+8-LTS-286)
# Java VM: Java HotSpot(TM) 64-Bit Server VM (17.0.12+8-LTS-286, mixed mode, sharing, tiered, compressed oops, compressed class ptrs, g1 gc, windows-amd64)
# No core dump will be written. Minidumps are not enabled by default on client versions of Windows
#

---------------  S U M M A R Y ------------

Command Line: --add-opens=java.base/java.lang=ALL-UNNAMED --add-opens=java.base/java.lang.invoke=ALL-UNNAMED --add-opens=java.base/java.util=ALL-UNNAMED --add-opens=java.prefs/java.util.prefs=ALL-UNNAMED --add-exports=jdk.compiler/com.sun.tools.javac.api=ALL-UNNAMED --add-exports=jdk.compiler/com.sun.tools.javac.util=ALL-UNNAMED --add-opens=java.base/java.util=ALL-UNNAMED --add-opens=java.prefs/java.util.prefs=ALL-UNNAMED --add-opens=java.base/java.nio.charset=ALL-UNNAMED --add-opens=java.base/java.net=ALL-UNNAMED --add-opens=java.base/java.util.concurrent.atomic=ALL-UNNAMED --add-opens=java.xml/javax.xml.namespace=ALL-UNNAMED -XX:MaxMetaspaceSize=4G -XX:ReservedCodeCacheSize=512m -XX:+HeapDumpOnOutOfMemoryError -Xmx8G -Dfile.encoding=windows-1252 -Duser.country=AR -Duser.language=es -Duser.variant -javaagent:C:\Users\PC\.gradle\wrapper\dists\gradle-8.14-all\c2qonpi39x1mddn7hk5gh9iqj\gradle-8.14\lib\agents\gradle-instrumentation-agent-8.14.jar org.gradle.launcher.daemon.bootstrap.GradleDaemon 8.14

Host: Intel(R) Core(TM) i5-3570S CPU @ 3.10GHz, 4 cores, 3G,  Windows 11 , 64 bit Build 26100 (10.0.26100.1591)
Time: Thu Feb 26 11:43:00 2026 Hora estándar de Argentina elapsed time: 2142.896298 seconds (0d 0h 35m 42s)

---------------  T H R E A D  ---------------

Current thread (0x000002367ba2f9e0):  VMThread "VM Thread" [stack: 0x0000004566f00000,0x0000004567000000] [id=8916]

Stack: [0x0000004566f00000,0x0000004567000000]
Native frames: (J=compiled Java code, j=interpreted, Vv=VM code, C=native code)
V  [jvm.dll+0x67a04a]
V  [jvm.dll+0x7da4ed]
V  [jvm.dll+0x7dbe33]
V  [jvm.dll+0x7dc4a3]
V  [jvm.dll+0x24508f]
V  [jvm.dll+0x677089]
V  [jvm.dll+0x66bd32]
V  [jvm.dll+0x301fa6]
V  [jvm.dll+0x309546]
V  [jvm.dll+0x359d2e]
V  [jvm.dll+0x359f5f]
V  [jvm.dll+0x2d9078]
V  [jvm.dll+0x2d74ad]
V  [jvm.dll+0x2d6afc]
V  [jvm.dll+0x31a65b]
V  [jvm.dll+0x7e0d9b]
V  [jvm.dll+0x7e1ad4]
V  [jvm.dll+0x7e1fed]
V  [jvm.dll+0x7e23c4]
V  [jvm.dll+0x7e2490]
V  [jvm.dll+0x78abea]
V  [jvm.dll+0x678f35]
C  [ucrtbase.dll+0x14ea0]
C  [KERNEL32.DLL+0x2dbe7]
C  [ntdll.dll+0x85a6c]

VM_Operation (0x00000045684f3680): G1CollectForAllocation, mode: safepoint, requested by thread 0x00000236c3f66fd0


---------------  P R O C E S S  ---------------

Threads class SMR info:
_java_thread_list=0x00000236dd2e7550, length=84, elements={
0x0000023648706460, 0x000002367ba31f30, 0x000002367ba34e10, 0x000002367ba4e910,
0x000002367ba4f1e0, 0x000002367ba4fab0, 0x000002367ba50380, 0x000002367ba593a0,
0x000002367ba76e30, 0x000002367ba78750, 0x000002367ba21f90, 0x00000236c31bb4c0,
0x00000236c418c7b0, 0x00000236c46ad970, 0x00000236c46f7dd0, 0x00000236c4679150,
0x00000236c33d6f70, 0x00000236c3f674e0, 0x00000236c3f66fd0, 0x00000236c3f68410,
0x00000236c3f67f00, 0x00000236c3f66ac0, 0x00000236c3f679f0, 0x00000236c3faf310,
0x00000236c3fac580, 0x00000236c3fae8f0, 0x00000236c3fad4b0, 0x00000236c3fad9c0,
0x00000236c3faee00, 0x00000236c3fb0240, 0x00000236c3faf820, 0x00000236c3fafd30,
0x00000236c3fb0750, 0x00000236c3facfa0, 0x00000236c3fb39f0, 0x00000236c3fb34e0,
0x00000236c3fb0c60, 0x00000236c3fb1170, 0x00000236c3fb1680, 0x00000236c3fb1b90,
0x00000236c3fb20a0, 0x00000236c3fb25b0, 0x00000236c3fb2ac0, 0x00000236c3fb2fd0,
0x00000236c6bc8150, 0x00000236c6bc4eb0, 0x00000236c6bc5de0, 0x00000236c6bc58d0,
0x00000236c6bc62f0, 0x00000236c6bc6800, 0x00000236c6bc6d10, 0x00000236c6bc7220,
0x00000236c6bc7730, 0x00000236c3fae3e0, 0x00000236c69dcd70, 0x00000236c69dc860,
0x00000236c69dbe40, 0x00000236c69dd280, 0x00000236c69daf10, 0x00000236c69d9ad0,
0x00000236c69db420, 0x00000236c69dd790, 0x00000236c69d9fe0, 0x00000236c69db930,
0x00000236c69ddca0, 0x00000236c69dc350, 0x00000236c69da4f0, 0x00000236c69de1b0,
0x00000236c69daa00, 0x00000236c69df0e0, 0x00000236d6f3e630, 0x00000236d7620a10,
0x00000236d761fff0, 0x00000236d7620f20, 0x00000236d761e6a0, 0x00000236d7621e50,
0x00000236d7622360, 0x00000236d761ebb0, 0x00000236d7622870, 0x00000236d761f0c0,
0x00000236d7622d80, 0x00000236d761f5d0, 0x00000236d7623cb0, 0x00000236c94bd120
}

Java Threads: ( => current thread )
  0x0000023648706460 JavaThread "main" [_thread_blocked, id=7088, stack(0x0000004566900000,0x0000004566a00000)]
  0x000002367ba31f30 JavaThread "Reference Handler" daemon [_thread_blocked, id=9164, stack(0x0000004567000000,0x0000004567100000)]
  0x000002367ba34e10 JavaThread "Finalizer" daemon [_thread_blocked, id=9076, stack(0x0000004567100000,0x0000004567200000)]
  0x000002367ba4e910 JavaThread "Signal Dispatcher" daemon [_thread_blocked, id=8404, stack(0x0000004567200000,0x0000004567300000)]
  0x000002367ba4f1e0 JavaThread "Attach Listener" daemon [_thread_blocked, id=7316, stack(0x0000004567300000,0x0000004567400000)]
  0x000002367ba4fab0 JavaThread "Service Thread" daemon [_thread_blocked, id=2332, stack(0x0000004567400000,0x0000004567500000)]
  0x000002367ba50380 JavaThread "Monitor Deflation Thread" daemon [_thread_blocked, id=8444, stack(0x0000004567500000,0x0000004567600000)]
  0x000002367ba593a0 JavaThread "C2 CompilerThread0" daemon [_thread_blocked, id=6028, stack(0x0000004567600000,0x0000004567700000)]
  0x000002367ba76e30 JavaThread "C1 CompilerThread0" daemon [_thread_blocked, id=8868, stack(0x0000004567700000,0x0000004567800000)]
  0x000002367ba78750 JavaThread "Sweeper thread" daemon [_thread_blocked, id=4376, stack(0x0000004567800000,0x0000004567900000)]
  0x000002367ba21f90 JavaThread "Common-Cleaner" daemon [_thread_blocked, id=8148, stack(0x0000004567900000,0x0000004567a00000)]
  0x00000236c31bb4c0 JavaThread "Notification Thread" daemon [_thread_blocked, id=4924, stack(0x0000004567a00000,0x0000004567b00000)]
  0x00000236c418c7b0 JavaThread "Daemon health stats" [_thread_blocked, id=9020, stack(0x0000004567f00000,0x0000004568000000)]
  0x00000236c46ad970 JavaThread "Incoming local TCP Connector on port 54017" [_thread_in_native, id=9068, stack(0x0000004568000000,0x0000004568100000)]
  0x00000236c46f7dd0 JavaThread "Daemon periodic checks" [_thread_blocked, id=2616, stack(0x0000004568100000,0x0000004568200000)]
  0x00000236c4679150 JavaThread "Daemon" [_thread_blocked, id=6292, stack(0x0000004566700000,0x0000004566800000)]
  0x00000236c33d6f70 JavaThread "Handler for socket connection from /127.0.0.1:54017 to /127.0.0.1:54018" [_thread_in_native, id=7640, stack(0x0000004568200000,0x0000004568300000)]
  0x00000236c3f674e0 JavaThread "Cancel handler" [_thread_blocked, id=9064, stack(0x0000004568300000,0x0000004568400000)]
  0x00000236c3f66fd0 JavaThread "Daemon worker" [_thread_blocked, id=8872, stack(0x0000004568400000,0x0000004568500000)]
  0x00000236c3f68410 JavaThread "Asynchronous log dispatcher for DefaultDaemonConnection: socket connection from /127.0.0.1:54017 to /127.0.0.1:54018" [_thread_blocked, id=6944, stack(0x0000004568500000,0x0000004568600000)]
  0x00000236c3f67f00 JavaThread "Stdin handler" [_thread_blocked, id=6072, stack(0x0000004568600000,0x0000004568700000)]
  0x00000236c3f66ac0 JavaThread "Daemon client event forwarder" [_thread_blocked, id=9088, stack(0x0000004568700000,0x0000004568800000)]
  0x00000236c3f679f0 JavaThread "Cache worker for journal cache (C:\Users\PC\.gradle\caches\journal-1)" [_thread_blocked, id=6064, stack(0x0000004568800000,0x0000004568900000)]
  0x00000236c3faf310 JavaThread "File lock request listener" [_thread_in_native, id=9060, stack(0x0000004568900000,0x0000004568a00000)]
  0x00000236c3fac580 JavaThread "Cache worker for file hash cache (C:\Users\PC\.gradle\caches\8.14\fileHashes)" [_thread_blocked, id=8648, stack(0x0000004568a00000,0x0000004568b00000)]
  0x00000236c3fae8f0 JavaThread "Cache worker for file hash cache (C:\Users\PC\elevar_liquidacion\elevar_liquidacion\android\.gradle\8.14\fileHashes)" [_thread_blocked, id=4060, stack(0x0000004568e00000,0x0000004568f00000)]
  0x00000236c3fad4b0 JavaThread "Cache worker for Build Output Cleanup Cache (C:\Users\PC\elevar_liquidacion\elevar_liquidacion\android\.gradle\buildOutputCleanup)" [_thread_blocked, id=6528, stack(0x0000004568f00000,0x0000004569000000)]
  0x00000236c3fad9c0 JavaThread "File watcher server" daemon [_thread_in_native, id=8684, stack(0x0000004569000000,0x0000004569100000)]
  0x00000236c3faee00 JavaThread "File watcher consumer" daemon [_thread_blocked, id=8456, stack(0x0000004569100000,0x0000004569200000)]
  0x00000236c3fb0240 JavaThread "Cache worker for checksums cache (C:\Users\PC\elevar_liquidacion\elevar_liquidacion\android\.gradle\8.14\checksums)" [_thread_blocked, id=1676, stack(0x0000004566600000,0x0000004566700000)]
  0x00000236c3faf820 JavaThread "Cache worker for file content cache (C:\Users\PC\.gradle\caches\8.14\fileContent)" [_thread_blocked, id=8076, stack(0x0000004566800000,0x0000004566900000)]
  0x00000236c3fafd30 JavaThread "Cache worker for cache directory md-supplier (C:\Users\PC\.gradle\caches\8.14\md-supplier)" [_thread_blocked, id=3584, stack(0x0000004569200000,0x0000004569300000)]
  0x00000236c3fb0750 JavaThread "Cache worker for cache directory md-rule (C:\Users\PC\.gradle\caches\8.14\md-rule)" [_thread_blocked, id=8268, stack(0x0000004569300000,0x0000004569400000)]
  0x00000236c3facfa0 JavaThread "Cache worker for Build Output Cleanup Cache (C:\flutter\packages\flutter_tools\gradle\.gradle\buildOutputCleanup)" [_thread_blocked, id=8308, stack(0x0000004569400000,0x0000004569500000)]
  0x00000236c3fb39f0 JavaThread "Unconstrained build operations" [_thread_blocked, id=9112, stack(0x0000004569500000,0x0000004569600000)]
  0x00000236c3fb34e0 JavaThread "Unconstrained build operations Thread 2" [_thread_blocked, id=5708, stack(0x0000004569600000,0x0000004569700000)]
  0x00000236c3fb0c60 JavaThread "Unconstrained build operations Thread 3" [_thread_blocked, id=2336, stack(0x0000004569700000,0x0000004569800000)]
  0x00000236c3fb1170 JavaThread "Unconstrained build operations Thread 4" [_thread_blocked, id=8484, stack(0x0000004569800000,0x0000004569900000)]
  0x00000236c3fb1680 JavaThread "Unconstrained build operations Thread 5" [_thread_blocked, id=6624, stack(0x0000004569900000,0x0000004569a00000)]
  0x00000236c3fb1b90 JavaThread "Unconstrained build operations Thread 6" [_thread_blocked, id=4820, stack(0x0000004569a00000,0x0000004569b00000)]
  0x00000236c3fb20a0 JavaThread "Unconstrained build operations Thread 7" [_thread_blocked, id=5528, stack(0x0000004569b00000,0x0000004569c00000)]
  0x00000236c3fb25b0 JavaThread "Unconstrained build operations Thread 8" [_thread_blocked, id=8924, stack(0x0000004569c00000,0x0000004569d00000)]
  0x00000236c3fb2ac0 JavaThread "Unconstrained build operations Thread 9" [_thread_blocked, id=6284, stack(0x0000004569d00000,0x0000004569e00000)]
  0x00000236c3fb2fd0 JavaThread "Memory manager" [_thread_blocked, id=8200, stack(0x0000004568c00000,0x0000004568d00000)]
  0x00000236c6bc8150 JavaThread "build event listener" [_thread_blocked, id=2256, stack(0x0000004568d00000,0x0000004568e00000)]
  0x00000236c6bc4eb0 JavaThread "Execution worker" [_thread_blocked, id=5832, stack(0x0000004569e00000,0x0000004569f00000)]
  0x00000236c6bc5de0 JavaThread "Execution worker Thread 2" [_thread_blocked, id=7824, stack(0x0000004569f00000,0x000000456a000000)]
  0x00000236c6bc58d0 JavaThread "Execution worker Thread 3" [_thread_blocked, id=8552, stack(0x000000456a000000,0x000000456a100000)]
  0x00000236c6bc62f0 JavaThread "Cache worker for execution history cache (C:\flutter\packages\flutter_tools\gradle\.gradle\8.14\executionHistory)" [_thread_blocked, id=2592, stack(0x000000456a100000,0x000000456a200000)]
  0x00000236c6bc6800 JavaThread "Unconstrained build operations Thread 10" [_thread_blocked, id=8908, stack(0x000000456a400000,0x000000456a500000)]
  0x00000236c6bc6d10 JavaThread "Unconstrained build operations Thread 11" [_thread_blocked, id=8584, stack(0x000000456a500000,0x000000456a600000)]
  0x00000236c6bc7220 JavaThread "Unconstrained build operations Thread 12" [_thread_blocked, id=1360, stack(0x000000456a600000,0x000000456a700000)]
  0x00000236c6bc7730 JavaThread "Unconstrained build operations Thread 13" [_thread_blocked, id=7552, stack(0x000000456a700000,0x000000456a800000)]
  0x00000236c3fae3e0 JavaThread "Unconstrained build operations Thread 14" [_thread_blocked, id=8676, stack(0x000000456a800000,0x000000456a900000)]
  0x00000236c69dcd70 JavaThread "Unconstrained build operations Thread 15" [_thread_blocked, id=8532, stack(0x000000456a900000,0x000000456aa00000)]
  0x00000236c69dc860 JavaThread "Unconstrained build operations Thread 16" [_thread_blocked, id=8416, stack(0x000000456aa00000,0x000000456ab00000)]
  0x00000236c69dbe40 JavaThread "Unconstrained build operations Thread 17" [_thread_blocked, id=8432, stack(0x000000456ab00000,0x000000456ac00000)]
  0x00000236c69dd280 JavaThread "Unconstrained build operations Thread 18" [_thread_blocked, id=8084, stack(0x000000456ac00000,0x000000456ad00000)]
  0x00000236c69daf10 JavaThread "Unconstrained build operations Thread 19" [_thread_blocked, id=6572, stack(0x000000456ad00000,0x000000456ae00000)]
  0x00000236c69d9ad0 JavaThread "Unconstrained build operations Thread 20" [_thread_blocked, id=4368, stack(0x000000456ae00000,0x000000456af00000)]
  0x00000236c69db420 JavaThread "Unconstrained build operations Thread 21" [_thread_blocked, id=6616, stack(0x000000456af00000,0x000000456b000000)]
  0x00000236c69dd790 JavaThread "Unconstrained build operations Thread 22" [_thread_blocked, id=6940, stack(0x000000456b000000,0x000000456b100000)]
  0x00000236c69d9fe0 JavaThread "Unconstrained build operations Thread 23" [_thread_blocked, id=6208, stack(0x000000456b100000,0x000000456b200000)]
  0x00000236c69db930 JavaThread "Unconstrained build operations Thread 24" [_thread_blocked, id=1460, stack(0x000000456b200000,0x000000456b300000)]
  0x00000236c69ddca0 JavaThread "Unconstrained build operations Thread 25" [_thread_blocked, id=9204, stack(0x000000456b300000,0x000000456b400000)]
  0x00000236c69dc350 JavaThread "Unconstrained build operations Thread 26" [_thread_blocked, id=8664, stack(0x000000456b400000,0x000000456b500000)]
  0x00000236c69da4f0 JavaThread "Unconstrained build operations Thread 27" [_thread_blocked, id=8844, stack(0x000000456b500000,0x000000456b600000)]
  0x00000236c69de1b0 JavaThread "Unconstrained build operations Thread 28" [_thread_blocked, id=9056, stack(0x000000456b600000,0x000000456b700000)]
  0x00000236c69daa00 JavaThread "Unconstrained build operations Thread 29" [_thread_blocked, id=3252, stack(0x000000456b700000,0x000000456b800000)]
  0x00000236c69df0e0 JavaThread "build event listener" [_thread_blocked, id=9052, stack(0x000000456a300000,0x000000456a400000)]
  0x00000236d6f3e630 JavaThread "jar transforms" [_thread_blocked, id=9724, stack(0x0000004568b00000,0x0000004568c00000)]
  0x00000236d7620a10 JavaThread "Unconstrained build operations Thread 30" [_thread_blocked, id=8312, stack(0x000000456bb00000,0x000000456bc00000)]
  0x00000236d761fff0 JavaThread "Unconstrained build operations Thread 31" [_thread_blocked, id=9392, stack(0x000000456bc00000,0x000000456bd00000)]
  0x00000236d7620f20 JavaThread "Unconstrained build operations Thread 32" [_thread_blocked, id=12040, stack(0x000000456bd00000,0x000000456be00000)]
  0x00000236d761e6a0 JavaThread "Unconstrained build operations Thread 33" [_thread_blocked, id=4208, stack(0x000000456be00000,0x000000456bf00000)]
  0x00000236d7621e50 JavaThread "Unconstrained build operations Thread 34" [_thread_blocked, id=10140, stack(0x000000456bf00000,0x000000456c000000)]
  0x00000236d7622360 JavaThread "Unconstrained build operations Thread 35" [_thread_blocked, id=9972, stack(0x000000456c000000,0x000000456c100000)]
  0x00000236d761ebb0 JavaThread "Unconstrained build operations Thread 36" [_thread_blocked, id=8568, stack(0x000000456c100000,0x000000456c200000)]
  0x00000236d7622870 JavaThread "Unconstrained build operations Thread 37" [_thread_blocked, id=11616, stack(0x000000456c200000,0x000000456c300000)]
  0x00000236d761f0c0 JavaThread "Unconstrained build operations Thread 38" [_thread_blocked, id=1144, stack(0x000000456c300000,0x000000456c400000)]
  0x00000236d7622d80 JavaThread "Unconstrained build operations Thread 39" [_thread_blocked, id=1500, stack(0x000000456c400000,0x000000456c500000)]
  0x00000236d761f5d0 JavaThread "Unconstrained build operations Thread 40" [_thread_blocked, id=11328, stack(0x000000456c500000,0x000000456c600000)]
  0x00000236d7623cb0 JavaThread "File lock release action executor Thread 5" [_thread_blocked, id=11016, stack(0x000000456ba00000,0x000000456bb00000)]
  0x00000236c94bd120 JavaThread "C2 CompilerThread1" daemon [_thread_blocked, id=8296, stack(0x000000456c600000,0x000000456c700000)]

Other Threads:
=>0x000002367ba2f9e0 VMThread "VM Thread" [stack: 0x0000004566f00000,0x0000004567000000] [id=8916]
  0x00000236c31734e0 WatcherThread [stack: 0x0000004567b00000,0x0000004567c00000] [id=5736]
  0x00000236487b80a0 GCTaskThread "GC Thread#0" [stack: 0x0000004566a00000,0x0000004566b00000] [id=9040]
  0x00000236c32595d0 GCTaskThread "GC Thread#1" [stack: 0x0000004567c00000,0x0000004567d00000] [id=8588]
  0x00000236c32532d0 GCTaskThread "GC Thread#2" [stack: 0x0000004567d00000,0x0000004567e00000] [id=6824]
  0x00000236c3cc5950 GCTaskThread "GC Thread#3" [stack: 0x0000004567e00000,0x0000004567f00000] [id=8784]
  0x00000236487c9060 ConcurrentGCThread "G1 Main Marker" [stack: 0x0000004566b00000,0x0000004566c00000] [id=8424]
  0x00000236487cb3a0 ConcurrentGCThread "G1 Conc#0" [stack: 0x0000004566c00000,0x0000004566d00000] [id=5728]
  0x000002367b8ea2b0 ConcurrentGCThread "G1 Refine#0" [stack: 0x0000004566d00000,0x0000004566e00000] [id=6128]
  0x00000236c7025c80 ConcurrentGCThread "G1 Refine#1" [stack: 0x000000456a200000,0x000000456a300000] [id=4796]
  0x00000236c7026840 ConcurrentGCThread "G1 Refine#2" [stack: 0x000000456b800000,0x000000456b900000] [id=8644]
  0x000002367b8eaa90 ConcurrentGCThread "G1 Service" [stack: 0x0000004566e00000,0x0000004566f00000] [id=8656]

Threads with active compile tasks:
C2 CompilerThread0  2148914 25662       4       org.objectweb.asm.ClassReader::readCode (5117 bytes)
C2 CompilerThread1  2148914 25717       4       org.objectweb.asm.MethodWriter::visitLocalVariable (222 bytes)

VM state: at safepoint (normal execution)

VM Mutex/Monitor currently owned by a thread:  ([mutex/lock_event])
[0x0000023648701330] Threads_lock - owner thread: 0x000002367ba2f9e0
[0x0000023648702890] Heap_lock - owner thread: 0x00000236c3f66fd0

Heap address: 0x0000000600000000, size: 8192 MB, Compressed Oops mode: Zero based, Oop shift amount: 3

CDS archive(s) mapped at: [0x000002367e000000-0x000002367ebd0000-0x000002367ebd0000), size 12386304, SharedBaseAddress: 0x000002367e000000, ArchiveRelocationMode: 1.
Compressed class space mapped at: 0x000002367f000000-0x00000236bf000000, reserved size: 1073741824
Narrow klass base: 0x000002367e000000, Narrow klass shift: 0, Narrow klass range: 0x100000000

GC Precious Log:
 CPUs: 4 total, 4 available
 Memory: 3972M
 Large Page Support: Disabled
 NUMA Support: Disabled
 Compressed Oops: Enabled (Zero based)
 Heap Region Size: 4M
 Heap Min Capacity: 8M
 Heap Initial Capacity: 64M
 Heap Max Capacity: 8G
 Pre-touch: Disabled
 Parallel Workers: 4
 Concurrent Workers: 1
 Concurrent Refinement Workers: 4
 Periodic GC: Disabled

Heap:
 garbage-first heap   total 2281472K, used 228677K [0x0000000600000000, 0x0000000800000000)
  region size 4096K, 2 young (8192K), 2 survivors (8192K)
 Metaspace       used 184664K, committed 185856K, reserved 1245184K
  class space    used 23833K, committed 24384K, reserved 1048576K

Heap Regions: E=young(eden), S=young(survivor), O=old, HS=humongous(starts), HC=humongous(continues), CS=collection set, F=free, OA=open archive, CA=closed archive, TAMS=top-at-mark-start (previous, next)
|   0|0x0000000600000000, 0x0000000600400000, 0x0000000600400000|100%|HS|  |TAMS 0x0000000600400000, 0x0000000600000000| Complete 
|   1|0x0000000600400000, 0x0000000600800000, 0x0000000600800000|100%| O|  |TAMS 0x0000000600800000, 0x0000000600400000| Untracked 
|   2|0x0000000600800000, 0x0000000600c00000, 0x0000000600c00000|100%| O|  |TAMS 0x0000000600c00000, 0x0000000600800000| Untracked 
|   3|0x0000000600c00000, 0x0000000601000000, 0x0000000601000000|100%| O|  |TAMS 0x0000000601000000, 0x0000000600c00000| Untracked 
|   4|0x0000000601000000, 0x0000000601400000, 0x0000000601400000|100%| O|  |TAMS 0x0000000601400000, 0x0000000601000000| Untracked 
|   5|0x0000000601400000, 0x0000000601800000, 0x0000000601800000|100%| O|  |TAMS 0x0000000601800000, 0x0000000601400000| Untracked 
|   6|0x0000000601800000, 0x0000000601c00000, 0x0000000601c00000|100%| O|  |TAMS 0x0000000601c00000, 0x0000000601800000| Untracked 
|   7|0x0000000601c00000, 0x0000000602000000, 0x0000000602000000|100%| O|  |TAMS 0x0000000602000000, 0x0000000601c00000| Untracked 
|   8|0x0000000602000000, 0x0000000602400000, 0x0000000602400000|100%| O|  |TAMS 0x0000000602400000, 0x0000000602000000| Untracked 
|   9|0x0000000602400000, 0x0000000602800000, 0x0000000602800000|100%|HS|  |TAMS 0x0000000602800000, 0x0000000602400000| Complete 
|  10|0x0000000602800000, 0x0000000602c00000, 0x0000000602c00000|100%| O|  |TAMS 0x0000000602c00000, 0x0000000602800000| Untracked 
|  11|0x0000000602c00000, 0x0000000603000000, 0x0000000603000000|100%| O|  |TAMS 0x0000000603000000, 0x0000000602c00000| Untracked 
|  12|0x0000000603000000, 0x0000000603400000, 0x0000000603400000|100%|HS|  |TAMS 0x0000000603400000, 0x0000000603000000| Complete 
|  13|0x0000000603400000, 0x0000000603800000, 0x0000000603800000|100%| O|  |TAMS 0x0000000603800000, 0x0000000603400000| Untracked 
|  14|0x0000000603800000, 0x0000000603c00000, 0x0000000603c00000|100%| O|  |TAMS 0x0000000603c00000, 0x0000000603800000| Untracked 
|  15|0x0000000603c00000, 0x0000000604000000, 0x0000000604000000|100%| O|  |TAMS 0x0000000604000000, 0x0000000603c00000| Untracked 
|  16|0x0000000604000000, 0x0000000604400000, 0x0000000604400000|100%| O|  |TAMS 0x0000000604400000, 0x0000000604000000| Untracked 
|  17|0x0000000604400000, 0x0000000604800000, 0x0000000604800000|100%| O|  |TAMS 0x0000000604800000, 0x0000000604400000| Untracked 
|  18|0x0000000604800000, 0x0000000604c00000, 0x0000000604c00000|100%| O|  |TAMS 0x0000000604c00000, 0x0000000604800000| Untracked 
|  19|0x0000000604c00000, 0x0000000605000000, 0x0000000605000000|100%| O|  |TAMS 0x0000000605000000, 0x0000000604c00000| Untracked 
|  20|0x0000000605000000, 0x0000000605400000, 0x0000000605400000|100%| O|  |TAMS 0x0000000605400000, 0x0000000605000000| Untracked 
|  21|0x0000000605400000, 0x0000000605800000, 0x0000000605800000|100%| O|  |TAMS 0x0000000605800000, 0x0000000605400000| Untracked 
|  22|0x0000000605800000, 0x0000000605c00000, 0x0000000605c00000|100%| O|  |TAMS 0x0000000605c00000, 0x0000000605800000| Untracked 
|  23|0x0000000605c00000, 0x0000000606000000, 0x0000000606000000|100%| O|  |TAMS 0x0000000606000000, 0x0000000605c00000| Untracked 
|  24|0x0000000606000000, 0x0000000606400000, 0x0000000606400000|100%| O|  |TAMS 0x0000000606400000, 0x0000000606000000| Untracked 
|  25|0x0000000606400000, 0x0000000606800000, 0x0000000606800000|100%| O|  |TAMS 0x0000000606800000, 0x0000000606400000| Untracked 
|  26|0x0000000606800000, 0x0000000606c00000, 0x0000000606c00000|100%| O|  |TAMS 0x0000000606c00000, 0x0000000606800000| Untracked 
|  27|0x0000000606c00000, 0x0000000607000000, 0x0000000607000000|100%| O|  |TAMS 0x0000000607000000, 0x0000000606c00000| Untracked 
|  28|0x0000000607000000, 0x0000000607400000, 0x0000000607400000|100%| O|  |TAMS 0x0000000607400000, 0x0000000607000000| Untracked 
|  29|0x0000000607400000, 0x0000000607800000, 0x0000000607800000|100%| O|  |TAMS 0x0000000607800000, 0x0000000607400000| Untracked 
|  30|0x0000000607800000, 0x0000000607c00000, 0x0000000607c00000|100%| O|  |TAMS 0x0000000607c00000, 0x0000000607800000| Untracked 
|  31|0x0000000607c00000, 0x0000000608000000, 0x0000000608000000|100%| O|  |TAMS 0x0000000608000000, 0x0000000607c00000| Untracked 
|  32|0x0000000608000000, 0x0000000608400000, 0x0000000608400000|100%|HS|  |TAMS 0x0000000608400000, 0x0000000608000000| Complete 
|  33|0x0000000608400000, 0x0000000608800000, 0x0000000608800000|100%|HC|  |TAMS 0x0000000608800000, 0x0000000608400000| Complete 
|  34|0x0000000608800000, 0x0000000608c00000, 0x0000000608c00000|100%| O|  |TAMS 0x0000000608c00000, 0x0000000608800000| Untracked 
|  35|0x0000000608c00000, 0x0000000609000000, 0x0000000609000000|100%| O|  |TAMS 0x0000000609000000, 0x0000000608c00000| Untracked 
|  36|0x0000000609000000, 0x0000000609400000, 0x0000000609400000|100%| O|  |TAMS 0x0000000609400000, 0x0000000609000000| Untracked 
|  37|0x0000000609400000, 0x0000000609800000, 0x0000000609800000|100%| O|  |TAMS 0x0000000609400000, 0x0000000609400000| Untracked 
|  38|0x0000000609800000, 0x0000000609c00000, 0x0000000609c00000|100%| O|  |TAMS 0x0000000609c00000, 0x0000000609800000| Untracked 
|  39|0x0000000609c00000, 0x000000060a000000, 0x000000060a000000|100%| O|  |TAMS 0x000000060a000000, 0x0000000609c00000| Untracked 
|  40|0x000000060a000000, 0x000000060a400000, 0x000000060a400000|100%| O|  |TAMS 0x000000060a1dc200, 0x000000060a000000| Untracked 
|  41|0x000000060a400000, 0x000000060a800000, 0x000000060a800000|100%| O|  |TAMS 0x000000060a400000, 0x000000060a400000| Untracked 
|  42|0x000000060a800000, 0x000000060ac00000, 0x000000060ac00000|100%| O|  |TAMS 0x000000060a800000, 0x000000060a800000| Untracked 
|  43|0x000000060ac00000, 0x000000060b000000, 0x000000060b000000|100%| O|  |TAMS 0x000000060ac00000, 0x000000060ac00000| Untracked 
|  44|0x000000060b000000, 0x000000060b400000, 0x000000060b400000|100%| O|  |TAMS 0x000000060b400000, 0x000000060b000000| Untracked 
|  45|0x000000060b400000, 0x000000060b800000, 0x000000060b800000|100%| O|  |TAMS 0x000000060b800000, 0x000000060b400000| Untracked 
|  46|0x000000060b800000, 0x000000060bc00000, 0x000000060bc00000|100%| O|  |TAMS 0x000000060bc00000, 0x000000060b800000| Untracked 
|  47|0x000000060bc00000, 0x000000060c000000, 0x000000060c000000|100%| O|  |TAMS 0x000000060bc00000, 0x000000060bc00000| Untracked 
|  48|0x000000060c000000, 0x000000060c400000, 0x000000060c400000|100%| O|  |TAMS 0x000000060c000000, 0x000000060c000000| Untracked 
|  49|0x000000060c400000, 0x000000060c800000, 0x000000060c800000|100%| O|  |TAMS 0x000000060c400000, 0x000000060c400000| Untracked 
|  50|0x000000060c800000, 0x000000060cc00000, 0x000000060cc00000|100%| O|  |TAMS 0x000000060c800000, 0x000000060c800000| Untracked 
|  51|0x000000060cc00000, 0x000000060d000000, 0x000000060d000000|100%| O|  |TAMS 0x000000060cc00000, 0x000000060cc00000| Untracked 
|  52|0x000000060d000000, 0x000000060d400000, 0x000000060d400000|100%| O|  |TAMS 0x000000060d000000, 0x000000060d000000| Untracked 
|  53|0x000000060d400000, 0x000000060d751400, 0x000000060d800000| 82%| O|  |TAMS 0x000000060d400000, 0x000000060d400000| Untracked 
|  54|0x000000060d800000, 0x000000060d800000, 0x000000060dc00000|  0%| F|  |TAMS 0x000000060d800000, 0x000000060d800000| Untracked 
|  55|0x000000060dc00000, 0x000000060dc00000, 0x000000060e000000|  0%| F|  |TAMS 0x000000060dc00000, 0x000000060dc00000| Untracked 
|  56|0x000000060e000000, 0x000000060e000000, 0x000000060e400000|  0%| F|  |TAMS 0x000000060e000000, 0x000000060e000000| Untracked 
|  57|0x000000060e400000, 0x000000060e400000, 0x000000060e800000|  0%| F|  |TAMS 0x000000060e400000, 0x000000060e400000| Untracked 
|  58|0x000000060e800000, 0x000000060e800000, 0x000000060ec00000|  0%| F|  |TAMS 0x000000060e800000, 0x000000060e800000| Untracked 
|  59|0x000000060ec00000, 0x000000060ec00000, 0x000000060f000000|  0%| F|  |TAMS 0x000000060ec00000, 0x000000060ec00000| Untracked 
|  60|0x000000060f000000, 0x000000060f000000, 0x000000060f400000|  0%| F|  |TAMS 0x000000060f000000, 0x000000060f000000| Untracked 
|  61|0x000000060f400000, 0x000000060f400000, 0x000000060f800000|  0%| F|  |TAMS 0x000000060f400000, 0x000000060f400000| Untracked 
|  62|0x000000060f800000, 0x000000060f800000, 0x000000060fc00000|  0%| F|  |TAMS 0x000000060f800000, 0x000000060f800000| Untracked 
|  63|0x000000060fc00000, 0x000000060fc00000, 0x0000000610000000|  0%| F|  |TAMS 0x000000060fc00000, 0x000000060fc00000| Untracked 
|  64|0x0000000610000000, 0x0000000610000000, 0x0000000610400000|  0%| F|  |TAMS 0x0000000610000000, 0x0000000610000000| Untracked 
|  65|0x0000000610400000, 0x0000000610400000, 0x0000000610800000|  0%| F|  |TAMS 0x0000000610400000, 0x0000000610400000| Untracked 
|  66|0x0000000610800000, 0x0000000610800000, 0x0000000610c00000|  0%| F|  |TAMS 0x0000000610800000, 0x0000000610800000| Untracked 
|  67|0x0000000610c00000, 0x0000000610c00000, 0x0000000611000000|  0%| F|  |TAMS 0x0000000610c00000, 0x0000000610c00000| Untracked 
|  68|0x0000000611000000, 0x0000000611000000, 0x0000000611400000|  0%| F|  |TAMS 0x0000000611000000, 0x0000000611000000| Untracked 
|  69|0x0000000611400000, 0x0000000611400000, 0x0000000611800000|  0%| F|  |TAMS 0x0000000611400000, 0x0000000611400000| Untracked 
|  70|0x0000000611800000, 0x0000000611800000, 0x0000000611c00000|  0%| F|  |TAMS 0x0000000611800000, 0x0000000611800000| Untracked 
|  71|0x0000000611c00000, 0x0000000611c00000, 0x0000000612000000|  0%| F|  |TAMS 0x0000000611c00000, 0x0000000611c00000| Untracked 
|  72|0x0000000612000000, 0x0000000612000000, 0x0000000612400000|  0%| F|  |TAMS 0x0000000612000000, 0x0000000612000000| Untracked 
|  73|0x0000000612400000, 0x0000000612400000, 0x0000000612800000|  0%| F|  |TAMS 0x0000000612400000, 0x0000000612400000| Untracked 
|  74|0x0000000612800000, 0x0000000612800000, 0x0000000612c00000|  0%| F|  |TAMS 0x0000000612800000, 0x0000000612800000| Untracked 
|  75|0x0000000612c00000, 0x0000000612c00000, 0x0000000613000000|  0%| F|  |TAMS 0x0000000612c00000, 0x0000000612c00000| Untracked 
|  76|0x0000000613000000, 0x0000000613000000, 0x0000000613400000|  0%| F|  |TAMS 0x0000000613000000, 0x0000000613000000| Untracked 
|  77|0x0000000613400000, 0x0000000613400000, 0x0000000613800000|  0%| F|  |TAMS 0x0000000613400000, 0x0000000613400000| Untracked 
|  78|0x0000000613800000, 0x0000000613800000, 0x0000000613c00000|  0%| F|  |TAMS 0x0000000613800000, 0x0000000613800000| Untracked 
|  79|0x0000000613c00000, 0x0000000613c00000, 0x0000000614000000|  0%| F|  |TAMS 0x0000000613c00000, 0x0000000613c00000| Untracked 
|  80|0x0000000614000000, 0x0000000614000000, 0x0000000614400000|  0%| F|  |TAMS 0x0000000614000000, 0x0000000614000000| Untracked 
|  81|0x0000000614400000, 0x0000000614400000, 0x0000000614800000|  0%| F|  |TAMS 0x0000000614400000, 0x0000000614400000| Untracked 
|  82|0x0000000614800000, 0x0000000614800000, 0x0000000614c00000|  0%| F|  |TAMS 0x0000000614800000, 0x0000000614800000| Untracked 
|  83|0x0000000614c00000, 0x0000000614c00000, 0x0000000615000000|  0%| F|  |TAMS 0x0000000614c00000, 0x0000000614c00000| Untracked 
|  84|0x0000000615000000, 0x0000000615000000, 0x0000000615400000|  0%| F|  |TAMS 0x0000000615000000, 0x0000000615000000| Untracked 
|  85|0x0000000615400000, 0x0000000615400000, 0x0000000615800000|  0%| F|  |TAMS 0x0000000615400000, 0x0000000615400000| Untracked 
|  86|0x0000000615800000, 0x0000000615800000, 0x0000000615c00000|  0%| F|  |TAMS 0x0000000615800000, 0x0000000615800000| Untracked 
|  87|0x0000000615c00000, 0x0000000615c00000, 0x0000000616000000|  0%| F|  |TAMS 0x0000000615c00000, 0x0000000615c00000| Untracked 
|  88|0x0000000616000000, 0x0000000616000000, 0x0000000616400000|  0%| F|  |TAMS 0x0000000616000000, 0x0000000616000000| Untracked 
|  89|0x0000000616400000, 0x0000000616400000, 0x0000000616800000|  0%| F|  |TAMS 0x0000000616400000, 0x0000000616400000| Untracked 
|  90|0x0000000616800000, 0x0000000616800000, 0x0000000616c00000|  0%| F|  |TAMS 0x0000000616800000, 0x0000000616800000| Untracked 
|  91|0x0000000616c00000, 0x0000000616c00000, 0x0000000617000000|  0%| F|  |TAMS 0x0000000616c00000, 0x0000000616c00000| Untracked 
|  92|0x0000000617000000, 0x0000000617000000, 0x0000000617400000|  0%| F|  |TAMS 0x0000000617000000, 0x0000000617000000| Untracked 
|  93|0x0000000617400000, 0x0000000617400000, 0x0000000617800000|  0%| F|  |TAMS 0x0000000617400000, 0x0000000617400000| Untracked 
|  94|0x0000000617800000, 0x0000000617800000, 0x0000000617c00000|  0%| F|  |TAMS 0x0000000617800000, 0x0000000617800000| Untracked 
|  95|0x0000000617c00000, 0x0000000617c00000, 0x0000000618000000|  0%| F|  |TAMS 0x0000000617c00000, 0x0000000617c00000| Untracked 
|  96|0x0000000618000000, 0x0000000618000000, 0x0000000618400000|  0%| F|  |TAMS 0x0000000618000000, 0x0000000618000000| Untracked 
|  97|0x0000000618400000, 0x0000000618400000, 0x0000000618800000|  0%| F|  |TAMS 0x0000000618400000, 0x0000000618400000| Untracked 
|  98|0x0000000618800000, 0x0000000618800000, 0x0000000618c00000|  0%| F|  |TAMS 0x0000000618800000, 0x0000000618800000| Untracked 
|  99|0x0000000618c00000, 0x0000000618c00000, 0x0000000619000000|  0%| F|  |TAMS 0x0000000618c00000, 0x0000000618c00000| Untracked 
| 100|0x0000000619000000, 0x0000000619000000, 0x0000000619400000|  0%| F|  |TAMS 0x0000000619000000, 0x0000000619000000| Untracked 
| 101|0x0000000619400000, 0x0000000619400000, 0x0000000619800000|  0%| F|  |TAMS 0x0000000619400000, 0x0000000619400000| Untracked 
| 102|0x0000000619800000, 0x0000000619800000, 0x0000000619c00000|  0%| F|  |TAMS 0x0000000619800000, 0x0000000619800000| Untracked 
| 103|0x0000000619c00000, 0x0000000619c00000, 0x000000061a000000|  0%| F|  |TAMS 0x0000000619c00000, 0x0000000619c00000| Untracked 
| 104|0x000000061a000000, 0x000000061a000000, 0x000000061a400000|  0%| F|  |TAMS 0x000000061a000000, 0x000000061a000000| Untracked 
| 105|0x000000061a400000, 0x000000061a400000, 0x000000061a800000|  0%| F|  |TAMS 0x000000061a400000, 0x000000061a400000| Untracked 
| 106|0x000000061a800000, 0x000000061a800000, 0x000000061ac00000|  0%| F|  |TAMS 0x000000061a800000, 0x000000061a800000| Untracked 
| 107|0x000000061ac00000, 0x000000061ac00000, 0x000000061b000000|  0%| F|  |TAMS 0x000000061ac00000, 0x000000061ac00000| Untracked 
| 108|0x000000061b000000, 0x000000061b000000, 0x000000061b400000|  0%| F|  |TAMS 0x000000061b000000, 0x000000061b000000| Untracked 
| 109|0x000000061b400000, 0x000000061b400000, 0x000000061b800000|  0%| F|  |TAMS 0x000000061b400000, 0x000000061b400000| Untracked 
| 110|0x000000061b800000, 0x000000061b800000, 0x000000061bc00000|  0%| F|  |TAMS 0x000000061b800000, 0x000000061b800000| Untracked 
| 111|0x000000061bc00000, 0x000000061bc00000, 0x000000061c000000|  0%| F|  |TAMS 0x000000061bc00000, 0x000000061bc00000| Untracked 
| 112|0x000000061c000000, 0x000000061c000000, 0x000000061c400000|  0%| F|  |TAMS 0x000000061c000000, 0x000000061c000000| Untracked 
| 113|0x000000061c400000, 0x000000061c400000, 0x000000061c800000|  0%| F|  |TAMS 0x000000061c400000, 0x000000061c400000| Untracked 
| 114|0x000000061c800000, 0x000000061c800000, 0x000000061cc00000|  0%| F|  |TAMS 0x000000061c800000, 0x000000061c800000| Untracked 
| 115|0x000000061cc00000, 0x000000061cc00000, 0x000000061d000000|  0%| F|  |TAMS 0x000000061cc00000, 0x000000061cc00000| Untracked 
| 116|0x000000061d000000, 0x000000061d000000, 0x000000061d400000|  0%| F|  |TAMS 0x000000061d000000, 0x000000061d000000| Untracked 
| 117|0x000000061d400000, 0x000000061d400000, 0x000000061d800000|  0%| F|  |TAMS 0x000000061d400000, 0x000000061d400000| Untracked 
| 118|0x000000061d800000, 0x000000061d800000, 0x000000061dc00000|  0%| F|  |TAMS 0x000000061d800000, 0x000000061d800000| Untracked 
| 119|0x000000061dc00000, 0x000000061dc00000, 0x000000061e000000|  0%| F|  |TAMS 0x000000061dc00000, 0x000000061dc00000| Untracked 
| 120|0x000000061e000000, 0x000000061e000000, 0x000000061e400000|  0%| F|  |TAMS 0x000000061e000000, 0x000000061e000000| Untracked 
| 121|0x000000061e400000, 0x000000061e400000, 0x000000061e800000|  0%| F|  |TAMS 0x000000061e400000, 0x000000061e400000| Untracked 
| 122|0x000000061e800000, 0x000000061e800000, 0x000000061ec00000|  0%| F|  |TAMS 0x000000061e800000, 0x000000061e800000| Untracked 
| 123|0x000000061ec00000, 0x000000061ec00000, 0x000000061f000000|  0%| F|  |TAMS 0x000000061ec00000, 0x000000061ec00000| Untracked 
| 124|0x000000061f000000, 0x000000061f000000, 0x000000061f400000|  0%| F|  |TAMS 0x000000061f000000, 0x000000061f000000| Untracked 
| 125|0x000000061f400000, 0x000000061f400000, 0x000000061f800000|  0%| F|  |TAMS 0x000000061f400000, 0x000000061f400000| Untracked 
| 126|0x000000061f800000, 0x000000061f800000, 0x000000061fc00000|  0%| F|  |TAMS 0x000000061f800000, 0x000000061f800000| Untracked 
| 127|0x000000061fc00000, 0x000000061fc00000, 0x0000000620000000|  0%| F|  |TAMS 0x000000061fc00000, 0x000000061fc00000| Untracked 
| 128|0x0000000620000000, 0x0000000620000000, 0x0000000620400000|  0%| F|  |TAMS 0x0000000620000000, 0x0000000620000000| Untracked 
| 129|0x0000000620400000, 0x0000000620400000, 0x0000000620800000|  0%| F|  |TAMS 0x0000000620400000, 0x0000000620400000| Untracked 
| 130|0x0000000620800000, 0x0000000620800000, 0x0000000620c00000|  0%| F|  |TAMS 0x0000000620800000, 0x0000000620800000| Untracked 
| 131|0x0000000620c00000, 0x0000000620c00000, 0x0000000621000000|  0%| F|  |TAMS 0x0000000620c00000, 0x0000000620c00000| Untracked 
| 132|0x0000000621000000, 0x0000000621000000, 0x0000000621400000|  0%| F|  |TAMS 0x0000000621000000, 0x0000000621000000| Untracked 
| 133|0x0000000621400000, 0x0000000621400000, 0x0000000621800000|  0%| F|  |TAMS 0x0000000621400000, 0x0000000621400000| Untracked 
| 134|0x0000000621800000, 0x0000000621800000, 0x0000000621c00000|  0%| F|  |TAMS 0x0000000621800000, 0x0000000621800000| Untracked 
| 135|0x0000000621c00000, 0x0000000621c00000, 0x0000000622000000|  0%| F|  |TAMS 0x0000000621c00000, 0x0000000621c00000| Untracked 
| 136|0x0000000622000000, 0x0000000622000000, 0x0000000622400000|  0%| F|  |TAMS 0x0000000622000000, 0x0000000622000000| Untracked 
| 137|0x0000000622400000, 0x0000000622400000, 0x0000000622800000|  0%| F|  |TAMS 0x0000000622400000, 0x0000000622400000| Untracked 
| 138|0x0000000622800000, 0x0000000622800000, 0x0000000622c00000|  0%| F|  |TAMS 0x0000000622800000, 0x0000000622800000| Untracked 
| 139|0x0000000622c00000, 0x0000000622c00000, 0x0000000623000000|  0%| F|  |TAMS 0x0000000622c00000, 0x0000000622c00000| Untracked 
| 140|0x0000000623000000, 0x0000000623000000, 0x0000000623400000|  0%| F|  |TAMS 0x0000000623000000, 0x0000000623000000| Untracked 
| 141|0x0000000623400000, 0x0000000623400000, 0x0000000623800000|  0%| F|  |TAMS 0x0000000623400000, 0x0000000623400000| Untracked 
| 142|0x0000000623800000, 0x0000000623800000, 0x0000000623c00000|  0%| F|  |TAMS 0x0000000623800000, 0x0000000623800000| Untracked 
| 143|0x0000000623c00000, 0x0000000623c00000, 0x0000000624000000|  0%| F|  |TAMS 0x0000000623c00000, 0x0000000623c00000| Untracked 
| 144|0x0000000624000000, 0x0000000624000000, 0x0000000624400000|  0%| F|  |TAMS 0x0000000624000000, 0x0000000624000000| Untracked 
| 145|0x0000000624400000, 0x0000000624400000, 0x0000000624800000|  0%| F|  |TAMS 0x0000000624400000, 0x0000000624400000| Untracked 
| 146|0x0000000624800000, 0x0000000624800000, 0x0000000624c00000|  0%| F|  |TAMS 0x0000000624800000, 0x0000000624800000| Untracked 
| 147|0x0000000624c00000, 0x0000000624c00000, 0x0000000625000000|  0%| F|  |TAMS 0x0000000624c00000, 0x0000000624c00000| Untracked 
| 148|0x0000000625000000, 0x0000000625000000, 0x0000000625400000|  0%| F|  |TAMS 0x0000000625000000, 0x0000000625000000| Untracked 
| 149|0x0000000625400000, 0x0000000625400000, 0x0000000625800000|  0%| F|  |TAMS 0x0000000625400000, 0x0000000625400000| Untracked 
| 150|0x0000000625800000, 0x0000000625800000, 0x0000000625c00000|  0%| F|  |TAMS 0x0000000625800000, 0x0000000625800000| Untracked 
| 151|0x0000000625c00000, 0x0000000625c00000, 0x0000000626000000|  0%| F|  |TAMS 0x0000000625c00000, 0x0000000625c00000| Untracked 
| 152|0x0000000626000000, 0x0000000626000000, 0x0000000626400000|  0%| F|  |TAMS 0x0000000626000000, 0x0000000626000000| Untracked 
| 153|0x0000000626400000, 0x0000000626400000, 0x0000000626800000|  0%| F|  |TAMS 0x0000000626400000, 0x0000000626400000| Untracked 
| 154|0x0000000626800000, 0x0000000626800000, 0x0000000626c00000|  0%| F|  |TAMS 0x0000000626800000, 0x0000000626800000| Untracked 
| 155|0x0000000626c00000, 0x0000000626c00000, 0x0000000627000000|  0%| F|  |TAMS 0x0000000626c00000, 0x0000000626c00000| Untracked 
| 156|0x0000000627000000, 0x0000000627000000, 0x0000000627400000|  0%| F|  |TAMS 0x0000000627000000, 0x0000000627000000| Untracked 
| 157|0x0000000627400000, 0x0000000627400000, 0x0000000627800000|  0%| F|  |TAMS 0x0000000627400000, 0x0000000627400000| Untracked 
| 158|0x0000000627800000, 0x0000000627800000, 0x0000000627c00000|  0%| F|  |TAMS 0x0000000627800000, 0x0000000627800000| Untracked 
| 159|0x0000000627c00000, 0x0000000627c00000, 0x0000000628000000|  0%| F|  |TAMS 0x0000000627c00000, 0x0000000627c00000| Untracked 
| 160|0x0000000628000000, 0x0000000628000000, 0x0000000628400000|  0%| F|  |TAMS 0x0000000628000000, 0x0000000628000000| Untracked 
| 161|0x0000000628400000, 0x0000000628400000, 0x0000000628800000|  0%| F|  |TAMS 0x0000000628400000, 0x0000000628400000| Untracked 
| 162|0x0000000628800000, 0x0000000628800000, 0x0000000628c00000|  0%| F|  |TAMS 0x0000000628800000, 0x0000000628800000| Untracked 
| 163|0x0000000628c00000, 0x0000000628c00000, 0x0000000629000000|  0%| F|  |TAMS 0x0000000628c00000, 0x0000000628c00000| Untracked 
| 164|0x0000000629000000, 0x0000000629000000, 0x0000000629400000|  0%| F|  |TAMS 0x0000000629000000, 0x0000000629000000| Untracked 
| 165|0x0000000629400000, 0x0000000629400000, 0x0000000629800000|  0%| F|  |TAMS 0x0000000629400000, 0x0000000629400000| Untracked 
| 166|0x0000000629800000, 0x0000000629800000, 0x0000000629c00000|  0%| F|  |TAMS 0x0000000629800000, 0x0000000629800000| Untracked 
| 167|0x0000000629c00000, 0x0000000629c00000, 0x000000062a000000|  0%| F|  |TAMS 0x0000000629c00000, 0x0000000629c00000| Untracked 
| 168|0x000000062a000000, 0x000000062a000000, 0x000000062a400000|  0%| F|  |TAMS 0x000000062a000000, 0x000000062a000000| Untracked 
| 169|0x000000062a400000, 0x000000062a400000, 0x000000062a800000|  0%| F|  |TAMS 0x000000062a400000, 0x000000062a400000| Untracked 
| 170|0x000000062a800000, 0x000000062a800000, 0x000000062ac00000|  0%| F|  |TAMS 0x000000062a800000, 0x000000062a800000| Untracked 
| 171|0x000000062ac00000, 0x000000062ac00000, 0x000000062b000000|  0%| F|  |TAMS 0x000000062ac00000, 0x000000062ac00000| Untracked 
| 172|0x000000062b000000, 0x000000062b000000, 0x000000062b400000|  0%| F|  |TAMS 0x000000062b000000, 0x000000062b000000| Untracked 
| 173|0x000000062b400000, 0x000000062b400000, 0x000000062b800000|  0%| F|  |TAMS 0x000000062b400000, 0x000000062b400000| Untracked 
| 174|0x000000062b800000, 0x000000062b800000, 0x000000062bc00000|  0%| F|  |TAMS 0x000000062b800000, 0x000000062b800000| Untracked 
| 175|0x000000062bc00000, 0x000000062bc00000, 0x000000062c000000|  0%| F|  |TAMS 0x000000062bc00000, 0x000000062bc00000| Untracked 
| 176|0x000000062c000000, 0x000000062c000000, 0x000000062c400000|  0%| F|  |TAMS 0x000000062c000000, 0x000000062c000000| Untracked 
| 177|0x000000062c400000, 0x000000062c400000, 0x000000062c800000|  0%| F|  |TAMS 0x000000062c400000, 0x000000062c400000| Untracked 
| 178|0x000000062c800000, 0x000000062c800000, 0x000000062cc00000|  0%| F|  |TAMS 0x000000062c800000, 0x000000062c800000| Untracked 
| 179|0x000000062cc00000, 0x000000062cc00000, 0x000000062d000000|  0%| F|  |TAMS 0x000000062cc00000, 0x000000062cc00000| Untracked 
| 180|0x000000062d000000, 0x000000062d000000, 0x000000062d400000|  0%| F|  |TAMS 0x000000062d000000, 0x000000062d000000| Untracked 
| 181|0x000000062d400000, 0x000000062d400000, 0x000000062d800000|  0%| F|  |TAMS 0x000000062d400000, 0x000000062d400000| Untracked 
| 182|0x000000062d800000, 0x000000062d800000, 0x000000062dc00000|  0%| F|  |TAMS 0x000000062d800000, 0x000000062d800000| Untracked 
| 183|0x000000062dc00000, 0x000000062dc00000, 0x000000062e000000|  0%| F|  |TAMS 0x000000062dc00000, 0x000000062dc00000| Untracked 
| 184|0x000000062e000000, 0x000000062e000000, 0x000000062e400000|  0%| F|  |TAMS 0x000000062e000000, 0x000000062e000000| Untracked 
| 185|0x000000062e400000, 0x000000062e400000, 0x000000062e800000|  0%| F|  |TAMS 0x000000062e400000, 0x000000062e400000| Untracked 
| 186|0x000000062e800000, 0x000000062e800000, 0x000000062ec00000|  0%| F|  |TAMS 0x000000062e800000, 0x000000062e800000| Untracked 
| 187|0x000000062ec00000, 0x000000062ec00000, 0x000000062f000000|  0%| F|  |TAMS 0x000000062ec00000, 0x000000062ec00000| Untracked 
| 188|0x000000062f000000, 0x000000062f000000, 0x000000062f400000|  0%| F|  |TAMS 0x000000062f000000, 0x000000062f000000| Untracked 
| 189|0x000000062f400000, 0x000000062f400000, 0x000000062f800000|  0%| F|  |TAMS 0x000000062f400000, 0x000000062f400000| Untracked 
| 190|0x000000062f800000, 0x000000062f800000, 0x000000062fc00000|  0%| F|  |TAMS 0x000000062f800000, 0x000000062f800000| Untracked 
| 191|0x000000062fc00000, 0x000000062fc00000, 0x0000000630000000|  0%| F|  |TAMS 0x000000062fc00000, 0x000000062fc00000| Untracked 
| 192|0x0000000630000000, 0x0000000630000000, 0x0000000630400000|  0%| F|  |TAMS 0x0000000630000000, 0x0000000630000000| Untracked 
| 193|0x0000000630400000, 0x0000000630400000, 0x0000000630800000|  0%| F|  |TAMS 0x0000000630400000, 0x0000000630400000| Untracked 
| 194|0x0000000630800000, 0x0000000630800000, 0x0000000630c00000|  0%| F|  |TAMS 0x0000000630800000, 0x0000000630800000| Untracked 
| 195|0x0000000630c00000, 0x0000000630c00000, 0x0000000631000000|  0%| F|  |TAMS 0x0000000630c00000, 0x0000000630c00000| Untracked 
| 196|0x0000000631000000, 0x0000000631000000, 0x0000000631400000|  0%| F|  |TAMS 0x0000000631000000, 0x0000000631000000| Untracked 
| 197|0x0000000631400000, 0x0000000631400000, 0x0000000631800000|  0%| F|  |TAMS 0x0000000631400000, 0x0000000631400000| Untracked 
| 198|0x0000000631800000, 0x0000000631800000, 0x0000000631c00000|  0%| F|  |TAMS 0x0000000631800000, 0x0000000631800000| Untracked 
| 199|0x0000000631c00000, 0x0000000631c00000, 0x0000000632000000|  0%| F|  |TAMS 0x0000000631c00000, 0x0000000631c00000| Untracked 
| 200|0x0000000632000000, 0x0000000632000000, 0x0000000632400000|  0%| F|  |TAMS 0x0000000632000000, 0x0000000632000000| Untracked 
| 201|0x0000000632400000, 0x0000000632400000, 0x0000000632800000|  0%| F|  |TAMS 0x0000000632400000, 0x0000000632400000| Untracked 
| 202|0x0000000632800000, 0x0000000632800000, 0x0000000632c00000|  0%| F|  |TAMS 0x0000000632800000, 0x0000000632800000| Untracked 
| 203|0x0000000632c00000, 0x0000000632c00000, 0x0000000633000000|  0%| F|  |TAMS 0x0000000632c00000, 0x0000000632c00000| Untracked 
| 204|0x0000000633000000, 0x0000000633000000, 0x0000000633400000|  0%| F|  |TAMS 0x0000000633000000, 0x0000000633000000| Untracked 
| 205|0x0000000633400000, 0x0000000633400000, 0x0000000633800000|  0%| F|  |TAMS 0x0000000633400000, 0x0000000633400000| Untracked 
| 206|0x0000000633800000, 0x0000000633800000, 0x0000000633c00000|  0%| F|  |TAMS 0x0000000633800000, 0x0000000633800000| Untracked 
| 207|0x0000000633c00000, 0x0000000633c00000, 0x0000000634000000|  0%| F|  |TAMS 0x0000000633c00000, 0x0000000633c00000| Untracked 
| 208|0x0000000634000000, 0x0000000634000000, 0x0000000634400000|  0%| F|  |TAMS 0x0000000634000000, 0x0000000634000000| Untracked 
| 209|0x0000000634400000, 0x0000000634400000, 0x0000000634800000|  0%| F|  |TAMS 0x0000000634400000, 0x0000000634400000| Untracked 
| 210|0x0000000634800000, 0x0000000634800000, 0x0000000634c00000|  0%| F|  |TAMS 0x0000000634800000, 0x0000000634800000| Untracked 
| 211|0x0000000634c00000, 0x0000000634c00000, 0x0000000635000000|  0%| F|  |TAMS 0x0000000634c00000, 0x0000000634c00000| Untracked 
| 212|0x0000000635000000, 0x0000000635000000, 0x0000000635400000|  0%| F|  |TAMS 0x0000000635000000, 0x0000000635000000| Untracked 
| 213|0x0000000635400000, 0x0000000635400000, 0x0000000635800000|  0%| F|  |TAMS 0x0000000635400000, 0x0000000635400000| Untracked 
| 214|0x0000000635800000, 0x0000000635800000, 0x0000000635c00000|  0%| F|  |TAMS 0x0000000635800000, 0x0000000635800000| Untracked 
| 215|0x0000000635c00000, 0x0000000635c00000, 0x0000000636000000|  0%| F|  |TAMS 0x0000000635c00000, 0x0000000635c00000| Untracked 
| 216|0x0000000636000000, 0x0000000636000000, 0x0000000636400000|  0%| F|  |TAMS 0x0000000636000000, 0x0000000636000000| Untracked 
| 217|0x0000000636400000, 0x0000000636400000, 0x0000000636800000|  0%| F|  |TAMS 0x0000000636400000, 0x0000000636400000| Untracked 
| 218|0x0000000636800000, 0x0000000636800000, 0x0000000636c00000|  0%| F|  |TAMS 0x0000000636800000, 0x0000000636800000| Untracked 
| 219|0x0000000636c00000, 0x0000000636c00000, 0x0000000637000000|  0%| F|  |TAMS 0x0000000636c00000, 0x0000000636c00000| Untracked 
| 220|0x0000000637000000, 0x0000000637000000, 0x0000000637400000|  0%| F|  |TAMS 0x0000000637000000, 0x0000000637000000| Untracked 
| 221|0x0000000637400000, 0x0000000637400000, 0x0000000637800000|  0%| F|  |TAMS 0x0000000637400000, 0x0000000637400000| Untracked 
| 222|0x0000000637800000, 0x0000000637800000, 0x0000000637c00000|  0%| F|  |TAMS 0x0000000637800000, 0x0000000637800000| Untracked 
| 223|0x0000000637c00000, 0x0000000637c00000, 0x0000000638000000|  0%| F|  |TAMS 0x0000000637c00000, 0x0000000637c00000| Untracked 
| 224|0x0000000638000000, 0x0000000638000000, 0x0000000638400000|  0%| F|  |TAMS 0x0000000638000000, 0x0000000638000000| Untracked 
| 225|0x0000000638400000, 0x0000000638400000, 0x0000000638800000|  0%| F|  |TAMS 0x0000000638400000, 0x0000000638400000| Untracked 
| 226|0x0000000638800000, 0x0000000638800000, 0x0000000638c00000|  0%| F|  |TAMS 0x0000000638800000, 0x0000000638800000| Untracked 
| 227|0x0000000638c00000, 0x0000000638c00000, 0x0000000639000000|  0%| F|  |TAMS 0x0000000638c00000, 0x0000000638c00000| Untracked 
| 228|0x0000000639000000, 0x0000000639000000, 0x0000000639400000|  0%| F|  |TAMS 0x0000000639000000, 0x0000000639000000| Untracked 
| 229|0x0000000639400000, 0x0000000639400000, 0x0000000639800000|  0%| F|  |TAMS 0x0000000639400000, 0x0000000639400000| Untracked 
| 230|0x0000000639800000, 0x0000000639800000, 0x0000000639c00000|  0%| F|  |TAMS 0x0000000639800000, 0x0000000639800000| Untracked 
| 231|0x0000000639c00000, 0x0000000639c00000, 0x000000063a000000|  0%| F|  |TAMS 0x0000000639c00000, 0x0000000639c00000| Untracked 
| 232|0x000000063a000000, 0x000000063a000000, 0x000000063a400000|  0%| F|  |TAMS 0x000000063a000000, 0x000000063a000000| Untracked 
| 233|0x000000063a400000, 0x000000063a400000, 0x000000063a800000|  0%| F|  |TAMS 0x000000063a400000, 0x000000063a400000| Untracked 
| 234|0x000000063a800000, 0x000000063a800000, 0x000000063ac00000|  0%| F|  |TAMS 0x000000063a800000, 0x000000063a800000| Untracked 
| 235|0x000000063ac00000, 0x000000063ac00000, 0x000000063b000000|  0%| F|  |TAMS 0x000000063ac00000, 0x000000063ac00000| Untracked 
| 236|0x000000063b000000, 0x000000063b000000, 0x000000063b400000|  0%| F|  |TAMS 0x000000063b000000, 0x000000063b000000| Untracked 
| 237|0x000000063b400000, 0x000000063b400000, 0x000000063b800000|  0%| F|  |TAMS 0x000000063b400000, 0x000000063b400000| Untracked 
| 238|0x000000063b800000, 0x000000063b800000, 0x000000063bc00000|  0%| F|  |TAMS 0x000000063b800000, 0x000000063b800000| Untracked 
| 239|0x000000063bc00000, 0x000000063bc00000, 0x000000063c000000|  0%| F|  |TAMS 0x000000063bc00000, 0x000000063bc00000| Untracked 
| 240|0x000000063c000000, 0x000000063c000000, 0x000000063c400000|  0%| F|  |TAMS 0x000000063c000000, 0x000000063c000000| Untracked 
| 241|0x000000063c400000, 0x000000063c400000, 0x000000063c800000|  0%| F|  |TAMS 0x000000063c400000, 0x000000063c400000| Untracked 
| 242|0x000000063c800000, 0x000000063c800000, 0x000000063cc00000|  0%| F|  |TAMS 0x000000063c800000, 0x000000063c800000| Untracked 
| 243|0x000000063cc00000, 0x000000063cc00000, 0x000000063d000000|  0%| F|  |TAMS 0x000000063cc00000, 0x000000063cc00000| Untracked 
| 244|0x000000063d000000, 0x000000063d000000, 0x000000063d400000|  0%| F|  |TAMS 0x000000063d000000, 0x000000063d000000| Untracked 
| 245|0x000000063d400000, 0x000000063d400000, 0x000000063d800000|  0%| F|  |TAMS 0x000000063d400000, 0x000000063d400000| Untracked 
| 246|0x000000063d800000, 0x000000063d800000, 0x000000063dc00000|  0%| F|  |TAMS 0x000000063d800000, 0x000000063d800000| Untracked 
| 247|0x000000063dc00000, 0x000000063dc00000, 0x000000063e000000|  0%| F|  |TAMS 0x000000063dc00000, 0x000000063dc00000| Untracked 
| 248|0x000000063e000000, 0x000000063e000000, 0x000000063e400000|  0%| F|  |TAMS 0x000000063e000000, 0x000000063e000000| Untracked 
| 249|0x000000063e400000, 0x000000063e400000, 0x000000063e800000|  0%| F|  |TAMS 0x000000063e400000, 0x000000063e400000| Untracked 
| 250|0x000000063e800000, 0x000000063e800000, 0x000000063ec00000|  0%| F|  |TAMS 0x000000063e800000, 0x000000063e800000| Untracked 
| 251|0x000000063ec00000, 0x000000063ec00000, 0x000000063f000000|  0%| F|  |TAMS 0x000000063ec00000, 0x000000063ec00000| Untracked 
| 252|0x000000063f000000, 0x000000063f000000, 0x000000063f400000|  0%| F|  |TAMS 0x000000063f000000, 0x000000063f000000| Untracked 
| 253|0x000000063f400000, 0x000000063f400000, 0x000000063f800000|  0%| F|  |TAMS 0x000000063f400000, 0x000000063f400000| Untracked 
| 254|0x000000063f800000, 0x000000063f800000, 0x000000063fc00000|  0%| F|  |TAMS 0x000000063f800000, 0x000000063f800000| Untracked 
| 255|0x000000063fc00000, 0x000000063fc00000, 0x0000000640000000|  0%| F|  |TAMS 0x000000063fc00000, 0x000000063fc00000| Untracked 
| 256|0x0000000640000000, 0x0000000640000000, 0x0000000640400000|  0%| F|  |TAMS 0x0000000640000000, 0x0000000640000000| Untracked 
| 257|0x0000000640400000, 0x0000000640400000, 0x0000000640800000|  0%| F|  |TAMS 0x0000000640400000, 0x0000000640400000| Untracked 
| 258|0x0000000640800000, 0x0000000640800000, 0x0000000640c00000|  0%| F|  |TAMS 0x0000000640800000, 0x0000000640800000| Untracked 
| 259|0x0000000640c00000, 0x0000000640c00000, 0x0000000641000000|  0%| F|  |TAMS 0x0000000640c00000, 0x0000000640c00000| Untracked 
| 260|0x0000000641000000, 0x0000000641000000, 0x0000000641400000|  0%| F|  |TAMS 0x0000000641000000, 0x0000000641000000| Untracked 
| 261|0x0000000641400000, 0x0000000641400000, 0x0000000641800000|  0%| F|  |TAMS 0x0000000641400000, 0x0000000641400000| Untracked 
| 262|0x0000000641800000, 0x0000000641800000, 0x0000000641c00000|  0%| F|  |TAMS 0x0000000641800000, 0x0000000641800000| Untracked 
| 263|0x0000000641c00000, 0x0000000641c00000, 0x0000000642000000|  0%| F|  |TAMS 0x0000000641c00000, 0x0000000641c00000| Untracked 
| 264|0x0000000642000000, 0x0000000642000000, 0x0000000642400000|  0%| F|  |TAMS 0x0000000642000000, 0x0000000642000000| Untracked 
| 265|0x0000000642400000, 0x0000000642400000, 0x0000000642800000|  0%| F|  |TAMS 0x0000000642400000, 0x0000000642400000| Untracked 
| 266|0x0000000642800000, 0x0000000642800000, 0x0000000642c00000|  0%| F|  |TAMS 0x0000000642800000, 0x0000000642800000| Untracked 
| 267|0x0000000642c00000, 0x0000000642c00000, 0x0000000643000000|  0%| F|  |TAMS 0x0000000642c00000, 0x0000000642c00000| Untracked 
| 268|0x0000000643000000, 0x0000000643000000, 0x0000000643400000|  0%| F|  |TAMS 0x0000000643000000, 0x0000000643000000| Untracked 
| 269|0x0000000643400000, 0x0000000643400000, 0x0000000643800000|  0%| F|  |TAMS 0x0000000643400000, 0x0000000643400000| Untracked 
| 270|0x0000000643800000, 0x0000000643800000, 0x0000000643c00000|  0%| F|  |TAMS 0x0000000643800000, 0x0000000643800000| Untracked 
| 271|0x0000000643c00000, 0x0000000643c00000, 0x0000000644000000|  0%| F|  |TAMS 0x0000000643c00000, 0x0000000643c00000| Untracked 
| 272|0x0000000644000000, 0x0000000644000000, 0x0000000644400000|  0%| F|  |TAMS 0x0000000644000000, 0x0000000644000000| Untracked 
| 273|0x0000000644400000, 0x0000000644400000, 0x0000000644800000|  0%| F|  |TAMS 0x0000000644400000, 0x0000000644400000| Untracked 
| 274|0x0000000644800000, 0x0000000644800000, 0x0000000644c00000|  0%| F|  |TAMS 0x0000000644800000, 0x0000000644800000| Untracked 
| 275|0x0000000644c00000, 0x0000000644c00000, 0x0000000645000000|  0%| F|  |TAMS 0x0000000644c00000, 0x0000000644c00000| Untracked 
| 276|0x0000000645000000, 0x0000000645000000, 0x0000000645400000|  0%| F|  |TAMS 0x0000000645000000, 0x0000000645000000| Untracked 
| 277|0x0000000645400000, 0x0000000645400000, 0x0000000645800000|  0%| F|  |TAMS 0x0000000645400000, 0x0000000645400000| Untracked 
| 278|0x0000000645800000, 0x0000000645800000, 0x0000000645c00000|  0%| F|  |TAMS 0x0000000645800000, 0x0000000645800000| Untracked 
| 279|0x0000000645c00000, 0x0000000645c00000, 0x0000000646000000|  0%| F|  |TAMS 0x0000000645c00000, 0x0000000645c00000| Untracked 
| 280|0x0000000646000000, 0x0000000646000000, 0x0000000646400000|  0%| F|  |TAMS 0x0000000646000000, 0x0000000646000000| Untracked 
| 281|0x0000000646400000, 0x0000000646400000, 0x0000000646800000|  0%| F|  |TAMS 0x0000000646400000, 0x0000000646400000| Untracked 
| 282|0x0000000646800000, 0x0000000646800000, 0x0000000646c00000|  0%| F|  |TAMS 0x0000000646800000, 0x0000000646800000| Untracked 
| 283|0x0000000646c00000, 0x0000000646c00000, 0x0000000647000000|  0%| F|  |TAMS 0x0000000646c00000, 0x0000000646c00000| Untracked 
| 284|0x0000000647000000, 0x0000000647000000, 0x0000000647400000|  0%| F|  |TAMS 0x0000000647000000, 0x0000000647000000| Untracked 
| 285|0x0000000647400000, 0x0000000647400000, 0x0000000647800000|  0%| F|  |TAMS 0x0000000647400000, 0x0000000647400000| Untracked 
| 286|0x0000000647800000, 0x0000000647800000, 0x0000000647c00000|  0%| F|  |TAMS 0x0000000647800000, 0x0000000647800000| Untracked 
| 287|0x0000000647c00000, 0x0000000647c00000, 0x0000000648000000|  0%| F|  |TAMS 0x0000000647c00000, 0x0000000647c00000| Untracked 
| 288|0x0000000648000000, 0x0000000648000000, 0x0000000648400000|  0%| F|  |TAMS 0x0000000648000000, 0x0000000648000000| Untracked 
| 289|0x0000000648400000, 0x0000000648400000, 0x0000000648800000|  0%| F|  |TAMS 0x0000000648400000, 0x0000000648400000| Untracked 
| 290|0x0000000648800000, 0x0000000648800000, 0x0000000648c00000|  0%| F|  |TAMS 0x0000000648800000, 0x0000000648800000| Untracked 
| 291|0x0000000648c00000, 0x0000000648c00000, 0x0000000649000000|  0%| F|  |TAMS 0x0000000648c00000, 0x0000000648c00000| Untracked 
| 292|0x0000000649000000, 0x0000000649000000, 0x0000000649400000|  0%| F|  |TAMS 0x0000000649000000, 0x0000000649000000| Untracked 
| 293|0x0000000649400000, 0x0000000649400000, 0x0000000649800000|  0%| F|  |TAMS 0x0000000649400000, 0x0000000649400000| Untracked 
| 294|0x0000000649800000, 0x0000000649800000, 0x0000000649c00000|  0%| F|  |TAMS 0x0000000649800000, 0x0000000649800000| Untracked 
| 295|0x0000000649c00000, 0x0000000649c00000, 0x000000064a000000|  0%| F|  |TAMS 0x0000000649c00000, 0x0000000649c00000| Untracked 
| 296|0x000000064a000000, 0x000000064a000000, 0x000000064a400000|  0%| F|  |TAMS 0x000000064a000000, 0x000000064a000000| Untracked 
| 297|0x000000064a400000, 0x000000064a400000, 0x000000064a800000|  0%| F|  |TAMS 0x000000064a400000, 0x000000064a400000| Untracked 
| 298|0x000000064a800000, 0x000000064a800000, 0x000000064ac00000|  0%| F|  |TAMS 0x000000064a800000, 0x000000064a800000| Untracked 
| 299|0x000000064ac00000, 0x000000064ac00000, 0x000000064b000000|  0%| F|  |TAMS 0x000000064ac00000, 0x000000064ac00000| Untracked 
| 300|0x000000064b000000, 0x000000064b000000, 0x000000064b400000|  0%| F|  |TAMS 0x000000064b000000, 0x000000064b000000| Untracked 
| 301|0x000000064b400000, 0x000000064b400000, 0x000000064b800000|  0%| F|  |TAMS 0x000000064b400000, 0x000000064b400000| Untracked 
| 302|0x000000064b800000, 0x000000064b800000, 0x000000064bc00000|  0%| F|  |TAMS 0x000000064b800000, 0x000000064b800000| Untracked 
| 303|0x000000064bc00000, 0x000000064bc00000, 0x000000064c000000|  0%| F|  |TAMS 0x000000064bc00000, 0x000000064bc00000| Untracked 
| 304|0x000000064c000000, 0x000000064c000000, 0x000000064c400000|  0%| F|  |TAMS 0x000000064c000000, 0x000000064c000000| Untracked 
| 305|0x000000064c400000, 0x000000064c400000, 0x000000064c800000|  0%| F|  |TAMS 0x000000064c400000, 0x000000064c400000| Untracked 
| 306|0x000000064c800000, 0x000000064c800000, 0x000000064cc00000|  0%| F|  |TAMS 0x000000064c800000, 0x000000064c800000| Untracked 
| 307|0x000000064cc00000, 0x000000064cc00000, 0x000000064d000000|  0%| F|  |TAMS 0x000000064cc00000, 0x000000064cc00000| Untracked 
| 308|0x000000064d000000, 0x000000064d000000, 0x000000064d400000|  0%| F|  |TAMS 0x000000064d000000, 0x000000064d000000| Untracked 
| 309|0x000000064d400000, 0x000000064d400000, 0x000000064d800000|  0%| F|  |TAMS 0x000000064d400000, 0x000000064d400000| Untracked 
| 310|0x000000064d800000, 0x000000064d800000, 0x000000064dc00000|  0%| F|  |TAMS 0x000000064d800000, 0x000000064d800000| Untracked 
| 311|0x000000064dc00000, 0x000000064dc00000, 0x000000064e000000|  0%| F|  |TAMS 0x000000064dc00000, 0x000000064dc00000| Untracked 
| 312|0x000000064e000000, 0x000000064e000000, 0x000000064e400000|  0%| F|  |TAMS 0x000000064e000000, 0x000000064e000000| Untracked 
| 313|0x000000064e400000, 0x000000064e400000, 0x000000064e800000|  0%| F|  |TAMS 0x000000064e400000, 0x000000064e400000| Untracked 
| 314|0x000000064e800000, 0x000000064e800000, 0x000000064ec00000|  0%| F|  |TAMS 0x000000064e800000, 0x000000064e800000| Untracked 
| 315|0x000000064ec00000, 0x000000064ec00000, 0x000000064f000000|  0%| F|  |TAMS 0x000000064ec00000, 0x000000064ec00000| Untracked 
| 316|0x000000064f000000, 0x000000064f000000, 0x000000064f400000|  0%| F|  |TAMS 0x000000064f000000, 0x000000064f000000| Untracked 
| 317|0x000000064f400000, 0x000000064f400000, 0x000000064f800000|  0%| F|  |TAMS 0x000000064f400000, 0x000000064f400000| Untracked 
| 318|0x000000064f800000, 0x000000064f800000, 0x000000064fc00000|  0%| F|  |TAMS 0x000000064f800000, 0x000000064f800000| Untracked 
| 319|0x000000064fc00000, 0x000000064fc00000, 0x0000000650000000|  0%| F|  |TAMS 0x000000064fc00000, 0x000000064fc00000| Untracked 
| 320|0x0000000650000000, 0x0000000650000000, 0x0000000650400000|  0%| F|  |TAMS 0x0000000650000000, 0x0000000650000000| Untracked 
| 321|0x0000000650400000, 0x0000000650400000, 0x0000000650800000|  0%| F|  |TAMS 0x0000000650400000, 0x0000000650400000| Untracked 
| 322|0x0000000650800000, 0x0000000650800000, 0x0000000650c00000|  0%| F|  |TAMS 0x0000000650800000, 0x0000000650800000| Untracked 
| 323|0x0000000650c00000, 0x0000000650c00000, 0x0000000651000000|  0%| F|  |TAMS 0x0000000650c00000, 0x0000000650c00000| Untracked 
| 324|0x0000000651000000, 0x0000000651000000, 0x0000000651400000|  0%| F|  |TAMS 0x0000000651000000, 0x0000000651000000| Untracked 
| 325|0x0000000651400000, 0x0000000651400000, 0x0000000651800000|  0%| F|  |TAMS 0x0000000651400000, 0x0000000651400000| Untracked 
| 326|0x0000000651800000, 0x0000000651800000, 0x0000000651c00000|  0%| F|  |TAMS 0x0000000651800000, 0x0000000651800000| Untracked 
| 327|0x0000000651c00000, 0x0000000651c00000, 0x0000000652000000|  0%| F|  |TAMS 0x0000000651c00000, 0x0000000651c00000| Untracked 
| 328|0x0000000652000000, 0x0000000652000000, 0x0000000652400000|  0%| F|  |TAMS 0x0000000652000000, 0x0000000652000000| Untracked 
| 329|0x0000000652400000, 0x0000000652400000, 0x0000000652800000|  0%| F|  |TAMS 0x0000000652400000, 0x0000000652400000| Untracked 
| 330|0x0000000652800000, 0x0000000652800000, 0x0000000652c00000|  0%| F|  |TAMS 0x0000000652800000, 0x0000000652800000| Untracked 
| 331|0x0000000652c00000, 0x0000000652c00000, 0x0000000653000000|  0%| F|  |TAMS 0x0000000652c00000, 0x0000000652c00000| Untracked 
| 332|0x0000000653000000, 0x0000000653000000, 0x0000000653400000|  0%| F|  |TAMS 0x0000000653000000, 0x0000000653000000| Untracked 
| 333|0x0000000653400000, 0x0000000653400000, 0x0000000653800000|  0%| F|  |TAMS 0x0000000653400000, 0x0000000653400000| Untracked 
| 334|0x0000000653800000, 0x0000000653800000, 0x0000000653c00000|  0%| F|  |TAMS 0x0000000653800000, 0x0000000653800000| Untracked 
| 335|0x0000000653c00000, 0x0000000653c00000, 0x0000000654000000|  0%| F|  |TAMS 0x0000000653c00000, 0x0000000653c00000| Untracked 
| 336|0x0000000654000000, 0x0000000654000000, 0x0000000654400000|  0%| F|  |TAMS 0x0000000654000000, 0x0000000654000000| Untracked 
| 337|0x0000000654400000, 0x0000000654400000, 0x0000000654800000|  0%| F|  |TAMS 0x0000000654400000, 0x0000000654400000| Untracked 
| 338|0x0000000654800000, 0x0000000654800000, 0x0000000654c00000|  0%| F|  |TAMS 0x0000000654800000, 0x0000000654800000| Untracked 
| 339|0x0000000654c00000, 0x0000000654c00000, 0x0000000655000000|  0%| F|  |TAMS 0x0000000654c00000, 0x0000000654c00000| Untracked 
| 340|0x0000000655000000, 0x0000000655000000, 0x0000000655400000|  0%| F|  |TAMS 0x0000000655000000, 0x0000000655000000| Untracked 
| 341|0x0000000655400000, 0x0000000655400000, 0x0000000655800000|  0%| F|  |TAMS 0x0000000655400000, 0x0000000655400000| Untracked 
| 342|0x0000000655800000, 0x0000000655800000, 0x0000000655c00000|  0%| F|  |TAMS 0x0000000655800000, 0x0000000655800000| Untracked 
| 343|0x0000000655c00000, 0x0000000655c00000, 0x0000000656000000|  0%| F|  |TAMS 0x0000000655c00000, 0x0000000655c00000| Untracked 
| 344|0x0000000656000000, 0x0000000656000000, 0x0000000656400000|  0%| F|  |TAMS 0x0000000656000000, 0x0000000656000000| Untracked 
| 345|0x0000000656400000, 0x0000000656400000, 0x0000000656800000|  0%| F|  |TAMS 0x0000000656400000, 0x0000000656400000| Untracked 
| 346|0x0000000656800000, 0x0000000656800000, 0x0000000656c00000|  0%| F|  |TAMS 0x0000000656800000, 0x0000000656800000| Untracked 
| 347|0x0000000656c00000, 0x0000000656c00000, 0x0000000657000000|  0%| F|  |TAMS 0x0000000656c00000, 0x0000000656c00000| Untracked 
| 348|0x0000000657000000, 0x0000000657000000, 0x0000000657400000|  0%| F|  |TAMS 0x0000000657000000, 0x0000000657000000| Untracked 
| 349|0x0000000657400000, 0x0000000657400000, 0x0000000657800000|  0%| F|  |TAMS 0x0000000657400000, 0x0000000657400000| Untracked 
| 350|0x0000000657800000, 0x0000000657800000, 0x0000000657c00000|  0%| F|  |TAMS 0x0000000657800000, 0x0000000657800000| Untracked 
| 351|0x0000000657c00000, 0x0000000657c00000, 0x0000000658000000|  0%| F|  |TAMS 0x0000000657c00000, 0x0000000657c00000| Untracked 
| 352|0x0000000658000000, 0x0000000658000000, 0x0000000658400000|  0%| F|  |TAMS 0x0000000658000000, 0x0000000658000000| Untracked 
| 353|0x0000000658400000, 0x0000000658400000, 0x0000000658800000|  0%| F|  |TAMS 0x0000000658400000, 0x0000000658400000| Untracked 
| 354|0x0000000658800000, 0x0000000658800000, 0x0000000658c00000|  0%| F|  |TAMS 0x0000000658800000, 0x0000000658800000| Untracked 
| 355|0x0000000658c00000, 0x0000000658c00000, 0x0000000659000000|  0%| F|  |TAMS 0x0000000658c00000, 0x0000000658c00000| Untracked 
| 356|0x0000000659000000, 0x0000000659000000, 0x0000000659400000|  0%| F|  |TAMS 0x0000000659000000, 0x0000000659000000| Untracked 
| 357|0x0000000659400000, 0x0000000659400000, 0x0000000659800000|  0%| F|  |TAMS 0x0000000659400000, 0x0000000659400000| Untracked 
| 358|0x0000000659800000, 0x0000000659800000, 0x0000000659c00000|  0%| F|  |TAMS 0x0000000659800000, 0x0000000659800000| Untracked 
| 359|0x0000000659c00000, 0x0000000659c00000, 0x000000065a000000|  0%| F|  |TAMS 0x0000000659c00000, 0x0000000659c00000| Untracked 
| 360|0x000000065a000000, 0x000000065a000000, 0x000000065a400000|  0%| F|  |TAMS 0x000000065a000000, 0x000000065a000000| Untracked 
| 361|0x000000065a400000, 0x000000065a400000, 0x000000065a800000|  0%| F|  |TAMS 0x000000065a400000, 0x000000065a400000| Untracked 
| 362|0x000000065a800000, 0x000000065a800000, 0x000000065ac00000|  0%| F|  |TAMS 0x000000065a800000, 0x000000065a800000| Untracked 
| 363|0x000000065ac00000, 0x000000065ac00000, 0x000000065b000000|  0%| F|  |TAMS 0x000000065ac00000, 0x000000065ac00000| Untracked 
| 364|0x000000065b000000, 0x000000065b000000, 0x000000065b400000|  0%| F|  |TAMS 0x000000065b000000, 0x000000065b000000| Untracked 
| 365|0x000000065b400000, 0x000000065b400000, 0x000000065b800000|  0%| F|  |TAMS 0x000000065b400000, 0x000000065b400000| Untracked 
| 366|0x000000065b800000, 0x000000065b800000, 0x000000065bc00000|  0%| F|  |TAMS 0x000000065b800000, 0x000000065b800000| Untracked 
| 367|0x000000065bc00000, 0x000000065bc00000, 0x000000065c000000|  0%| F|  |TAMS 0x000000065bc00000, 0x000000065bc00000| Untracked 
| 368|0x000000065c000000, 0x000000065c000000, 0x000000065c400000|  0%| F|  |TAMS 0x000000065c000000, 0x000000065c000000| Untracked 
| 369|0x000000065c400000, 0x000000065c400000, 0x000000065c800000|  0%| F|  |TAMS 0x000000065c400000, 0x000000065c400000| Untracked 
| 370|0x000000065c800000, 0x000000065c800000, 0x000000065cc00000|  0%| F|  |TAMS 0x000000065c800000, 0x000000065c800000| Untracked 
| 371|0x000000065cc00000, 0x000000065cc00000, 0x000000065d000000|  0%| F|  |TAMS 0x000000065cc00000, 0x000000065cc00000| Untracked 
| 372|0x000000065d000000, 0x000000065d000000, 0x000000065d400000|  0%| F|  |TAMS 0x000000065d000000, 0x000000065d000000| Untracked 
| 373|0x000000065d400000, 0x000000065d400000, 0x000000065d800000|  0%| F|  |TAMS 0x000000065d400000, 0x000000065d400000| Untracked 
| 374|0x000000065d800000, 0x000000065d800000, 0x000000065dc00000|  0%| F|  |TAMS 0x000000065d800000, 0x000000065d800000| Untracked 
| 375|0x000000065dc00000, 0x000000065dc00000, 0x000000065e000000|  0%| F|  |TAMS 0x000000065dc00000, 0x000000065dc00000| Untracked 
| 376|0x000000065e000000, 0x000000065e000000, 0x000000065e400000|  0%| F|  |TAMS 0x000000065e000000, 0x000000065e000000| Untracked 
| 377|0x000000065e400000, 0x000000065e400000, 0x000000065e800000|  0%| F|  |TAMS 0x000000065e400000, 0x000000065e400000| Untracked 
| 378|0x000000065e800000, 0x000000065e800000, 0x000000065ec00000|  0%| F|  |TAMS 0x000000065e800000, 0x000000065e800000| Untracked 
| 379|0x000000065ec00000, 0x000000065ec00000, 0x000000065f000000|  0%| F|  |TAMS 0x000000065ec00000, 0x000000065ec00000| Untracked 
| 380|0x000000065f000000, 0x000000065f000000, 0x000000065f400000|  0%| F|  |TAMS 0x000000065f000000, 0x000000065f000000| Untracked 
| 381|0x000000065f400000, 0x000000065f400000, 0x000000065f800000|  0%| F|  |TAMS 0x000000065f400000, 0x000000065f400000| Untracked 
| 382|0x000000065f800000, 0x000000065f800000, 0x000000065fc00000|  0%| F|  |TAMS 0x000000065f800000, 0x000000065f800000| Untracked 
| 383|0x000000065fc00000, 0x000000065fc00000, 0x0000000660000000|  0%| F|  |TAMS 0x000000065fc00000, 0x000000065fc00000| Untracked 
| 384|0x0000000660000000, 0x0000000660000000, 0x0000000660400000|  0%| F|  |TAMS 0x0000000660000000, 0x0000000660000000| Untracked 
| 385|0x0000000660400000, 0x0000000660400000, 0x0000000660800000|  0%| F|  |TAMS 0x0000000660400000, 0x0000000660400000| Untracked 
| 386|0x0000000660800000, 0x0000000660800000, 0x0000000660c00000|  0%| F|  |TAMS 0x0000000660800000, 0x0000000660800000| Untracked 
| 387|0x0000000660c00000, 0x0000000660c00000, 0x0000000661000000|  0%| F|  |TAMS 0x0000000660c00000, 0x0000000660c00000| Untracked 
| 388|0x0000000661000000, 0x0000000661000000, 0x0000000661400000|  0%| F|  |TAMS 0x0000000661000000, 0x0000000661000000| Untracked 
| 389|0x0000000661400000, 0x0000000661400000, 0x0000000661800000|  0%| F|  |TAMS 0x0000000661400000, 0x0000000661400000| Untracked 
| 390|0x0000000661800000, 0x0000000661800000, 0x0000000661c00000|  0%| F|  |TAMS 0x0000000661800000, 0x0000000661800000| Untracked 
| 391|0x0000000661c00000, 0x0000000661c00000, 0x0000000662000000|  0%| F|  |TAMS 0x0000000661c00000, 0x0000000661c00000| Untracked 
| 392|0x0000000662000000, 0x0000000662000000, 0x0000000662400000|  0%| F|  |TAMS 0x0000000662000000, 0x0000000662000000| Untracked 
| 393|0x0000000662400000, 0x0000000662400000, 0x0000000662800000|  0%| F|  |TAMS 0x0000000662400000, 0x0000000662400000| Untracked 
| 394|0x0000000662800000, 0x0000000662800000, 0x0000000662c00000|  0%| F|  |TAMS 0x0000000662800000, 0x0000000662800000| Untracked 
| 395|0x0000000662c00000, 0x0000000662c00000, 0x0000000663000000|  0%| F|  |TAMS 0x0000000662c00000, 0x0000000662c00000| Untracked 
| 396|0x0000000663000000, 0x0000000663000000, 0x0000000663400000|  0%| F|  |TAMS 0x0000000663000000, 0x0000000663000000| Untracked 
| 397|0x0000000663400000, 0x0000000663400000, 0x0000000663800000|  0%| F|  |TAMS 0x0000000663400000, 0x0000000663400000| Untracked 
| 398|0x0000000663800000, 0x0000000663800000, 0x0000000663c00000|  0%| F|  |TAMS 0x0000000663800000, 0x0000000663800000| Untracked 
| 399|0x0000000663c00000, 0x0000000663c00000, 0x0000000664000000|  0%| F|  |TAMS 0x0000000663c00000, 0x0000000663c00000| Untracked 
| 400|0x0000000664000000, 0x0000000664000000, 0x0000000664400000|  0%| F|  |TAMS 0x0000000664000000, 0x0000000664000000| Untracked 
| 401|0x0000000664400000, 0x0000000664400000, 0x0000000664800000|  0%| F|  |TAMS 0x0000000664400000, 0x0000000664400000| Untracked 
| 402|0x0000000664800000, 0x0000000664800000, 0x0000000664c00000|  0%| F|  |TAMS 0x0000000664800000, 0x0000000664800000| Untracked 
| 403|0x0000000664c00000, 0x0000000664c00000, 0x0000000665000000|  0%| F|  |TAMS 0x0000000664c00000, 0x0000000664c00000| Untracked 
| 404|0x0000000665000000, 0x0000000665000000, 0x0000000665400000|  0%| F|  |TAMS 0x0000000665000000, 0x0000000665000000| Untracked 
| 405|0x0000000665400000, 0x0000000665400000, 0x0000000665800000|  0%| F|  |TAMS 0x0000000665400000, 0x0000000665400000| Untracked 
| 406|0x0000000665800000, 0x0000000665800000, 0x0000000665c00000|  0%| F|  |TAMS 0x0000000665800000, 0x0000000665800000| Untracked 
| 407|0x0000000665c00000, 0x0000000665c00000, 0x0000000666000000|  0%| F|  |TAMS 0x0000000665c00000, 0x0000000665c00000| Untracked 
| 408|0x0000000666000000, 0x0000000666000000, 0x0000000666400000|  0%| F|  |TAMS 0x0000000666000000, 0x0000000666000000| Untracked 
| 409|0x0000000666400000, 0x0000000666400000, 0x0000000666800000|  0%| F|  |TAMS 0x0000000666400000, 0x0000000666400000| Untracked 
| 410|0x0000000666800000, 0x0000000666800000, 0x0000000666c00000|  0%| F|  |TAMS 0x0000000666800000, 0x0000000666800000| Untracked 
| 411|0x0000000666c00000, 0x0000000666c00000, 0x0000000667000000|  0%| F|  |TAMS 0x0000000666c00000, 0x0000000666c00000| Untracked 
| 412|0x0000000667000000, 0x0000000667000000, 0x0000000667400000|  0%| F|  |TAMS 0x0000000667000000, 0x0000000667000000| Untracked 
| 413|0x0000000667400000, 0x0000000667400000, 0x0000000667800000|  0%| F|  |TAMS 0x0000000667400000, 0x0000000667400000| Untracked 
| 414|0x0000000667800000, 0x0000000667800000, 0x0000000667c00000|  0%| F|  |TAMS 0x0000000667800000, 0x0000000667800000| Untracked 
| 415|0x0000000667c00000, 0x0000000667c00000, 0x0000000668000000|  0%| F|  |TAMS 0x0000000667c00000, 0x0000000667c00000| Untracked 
| 416|0x0000000668000000, 0x0000000668000000, 0x0000000668400000|  0%| F|  |TAMS 0x0000000668000000, 0x0000000668000000| Untracked 
| 417|0x0000000668400000, 0x0000000668400000, 0x0000000668800000|  0%| F|  |TAMS 0x0000000668400000, 0x0000000668400000| Untracked 
| 418|0x0000000668800000, 0x0000000668800000, 0x0000000668c00000|  0%| F|  |TAMS 0x0000000668800000, 0x0000000668800000| Untracked 
| 419|0x0000000668c00000, 0x0000000668c00000, 0x0000000669000000|  0%| F|  |TAMS 0x0000000668c00000, 0x0000000668c00000| Untracked 
| 420|0x0000000669000000, 0x0000000669000000, 0x0000000669400000|  0%| F|  |TAMS 0x0000000669000000, 0x0000000669000000| Untracked 
| 421|0x0000000669400000, 0x0000000669400000, 0x0000000669800000|  0%| F|  |TAMS 0x0000000669400000, 0x0000000669400000| Untracked 
| 422|0x0000000669800000, 0x0000000669800000, 0x0000000669c00000|  0%| F|  |TAMS 0x0000000669800000, 0x0000000669800000| Untracked 
| 423|0x0000000669c00000, 0x0000000669c00000, 0x000000066a000000|  0%| F|  |TAMS 0x0000000669c00000, 0x0000000669c00000| Untracked 
| 424|0x000000066a000000, 0x000000066a000000, 0x000000066a400000|  0%| F|  |TAMS 0x000000066a000000, 0x000000066a000000| Untracked 
| 425|0x000000066a400000, 0x000000066a400000, 0x000000066a800000|  0%| F|  |TAMS 0x000000066a400000, 0x000000066a400000| Untracked 
| 426|0x000000066a800000, 0x000000066a800000, 0x000000066ac00000|  0%| F|  |TAMS 0x000000066a800000, 0x000000066a800000| Untracked 
| 427|0x000000066ac00000, 0x000000066ac00000, 0x000000066b000000|  0%| F|  |TAMS 0x000000066ac00000, 0x000000066ac00000| Untracked 
| 428|0x000000066b000000, 0x000000066b000000, 0x000000066b400000|  0%| F|  |TAMS 0x000000066b000000, 0x000000066b000000| Untracked 
| 429|0x000000066b400000, 0x000000066b400000, 0x000000066b800000|  0%| F|  |TAMS 0x000000066b400000, 0x000000066b400000| Untracked 
| 430|0x000000066b800000, 0x000000066b800000, 0x000000066bc00000|  0%| F|  |TAMS 0x000000066b800000, 0x000000066b800000| Untracked 
| 431|0x000000066bc00000, 0x000000066bc00000, 0x000000066c000000|  0%| F|  |TAMS 0x000000066bc00000, 0x000000066bc00000| Untracked 
| 432|0x000000066c000000, 0x000000066c000000, 0x000000066c400000|  0%| F|  |TAMS 0x000000066c000000, 0x000000066c000000| Untracked 
| 433|0x000000066c400000, 0x000000066c400000, 0x000000066c800000|  0%| F|  |TAMS 0x000000066c400000, 0x000000066c400000| Untracked 
| 434|0x000000066c800000, 0x000000066c800000, 0x000000066cc00000|  0%| F|  |TAMS 0x000000066c800000, 0x000000066c800000| Untracked 
| 435|0x000000066cc00000, 0x000000066cc00000, 0x000000066d000000|  0%| F|  |TAMS 0x000000066cc00000, 0x000000066cc00000| Untracked 
| 436|0x000000066d000000, 0x000000066d000000, 0x000000066d400000|  0%| F|  |TAMS 0x000000066d000000, 0x000000066d000000| Untracked 
| 437|0x000000066d400000, 0x000000066d400000, 0x000000066d800000|  0%| F|  |TAMS 0x000000066d400000, 0x000000066d400000| Untracked 
| 438|0x000000066d800000, 0x000000066d800000, 0x000000066dc00000|  0%| F|  |TAMS 0x000000066d800000, 0x000000066d800000| Untracked 
| 439|0x000000066dc00000, 0x000000066dc00000, 0x000000066e000000|  0%| F|  |TAMS 0x000000066dc00000, 0x000000066dc00000| Untracked 
| 440|0x000000066e000000, 0x000000066e000000, 0x000000066e400000|  0%| F|  |TAMS 0x000000066e000000, 0x000000066e000000| Untracked 
| 441|0x000000066e400000, 0x000000066e400000, 0x000000066e800000|  0%| F|  |TAMS 0x000000066e400000, 0x000000066e400000| Untracked 
| 442|0x000000066e800000, 0x000000066e800000, 0x000000066ec00000|  0%| F|  |TAMS 0x000000066e800000, 0x000000066e800000| Untracked 
| 443|0x000000066ec00000, 0x000000066ec00000, 0x000000066f000000|  0%| F|  |TAMS 0x000000066ec00000, 0x000000066ec00000| Untracked 
| 444|0x000000066f000000, 0x000000066f000000, 0x000000066f400000|  0%| F|  |TAMS 0x000000066f000000, 0x000000066f000000| Untracked 
| 445|0x000000066f400000, 0x000000066f400000, 0x000000066f800000|  0%| F|  |TAMS 0x000000066f400000, 0x000000066f400000| Untracked 
| 446|0x000000066f800000, 0x000000066f800000, 0x000000066fc00000|  0%| F|  |TAMS 0x000000066f800000, 0x000000066f800000| Untracked 
| 447|0x000000066fc00000, 0x000000066fc00000, 0x0000000670000000|  0%| F|  |TAMS 0x000000066fc00000, 0x000000066fc00000| Untracked 
| 448|0x0000000670000000, 0x0000000670000000, 0x0000000670400000|  0%| F|  |TAMS 0x0000000670000000, 0x0000000670000000| Untracked 
| 449|0x0000000670400000, 0x0000000670400000, 0x0000000670800000|  0%| F|  |TAMS 0x0000000670400000, 0x0000000670400000| Untracked 
| 450|0x0000000670800000, 0x0000000670800000, 0x0000000670c00000|  0%| F|  |TAMS 0x0000000670800000, 0x0000000670800000| Untracked 
| 451|0x0000000670c00000, 0x0000000670c00000, 0x0000000671000000|  0%| F|  |TAMS 0x0000000670c00000, 0x0000000670c00000| Untracked 
| 452|0x0000000671000000, 0x0000000671000000, 0x0000000671400000|  0%| F|  |TAMS 0x0000000671000000, 0x0000000671000000| Untracked 
| 453|0x0000000671400000, 0x0000000671400000, 0x0000000671800000|  0%| F|  |TAMS 0x0000000671400000, 0x0000000671400000| Untracked 
| 454|0x0000000671800000, 0x0000000671800000, 0x0000000671c00000|  0%| F|  |TAMS 0x0000000671800000, 0x0000000671800000| Untracked 
| 455|0x0000000671c00000, 0x0000000671c00000, 0x0000000672000000|  0%| F|  |TAMS 0x0000000671c00000, 0x0000000671c00000| Untracked 
| 456|0x0000000672000000, 0x0000000672000000, 0x0000000672400000|  0%| F|  |TAMS 0x0000000672000000, 0x0000000672000000| Untracked 
| 457|0x0000000672400000, 0x0000000672400000, 0x0000000672800000|  0%| F|  |TAMS 0x0000000672400000, 0x0000000672400000| Untracked 
| 458|0x0000000672800000, 0x0000000672800000, 0x0000000672c00000|  0%| F|  |TAMS 0x0000000672800000, 0x0000000672800000| Untracked 
| 459|0x0000000672c00000, 0x0000000672c00000, 0x0000000673000000|  0%| F|  |TAMS 0x0000000672c00000, 0x0000000672c00000| Untracked 
| 460|0x0000000673000000, 0x0000000673000000, 0x0000000673400000|  0%| F|  |TAMS 0x0000000673000000, 0x0000000673000000| Untracked 
| 461|0x0000000673400000, 0x0000000673400000, 0x0000000673800000|  0%| F|  |TAMS 0x0000000673400000, 0x0000000673400000| Untracked 
| 462|0x0000000673800000, 0x0000000673800000, 0x0000000673c00000|  0%| F|  |TAMS 0x0000000673800000, 0x0000000673800000| Untracked 
| 463|0x0000000673c00000, 0x0000000673c00000, 0x0000000674000000|  0%| F|  |TAMS 0x0000000673c00000, 0x0000000673c00000| Untracked 
| 464|0x0000000674000000, 0x0000000674000000, 0x0000000674400000|  0%| F|  |TAMS 0x0000000674000000, 0x0000000674000000| Untracked 
| 465|0x0000000674400000, 0x0000000674400000, 0x0000000674800000|  0%| F|  |TAMS 0x0000000674400000, 0x0000000674400000| Untracked 
| 466|0x0000000674800000, 0x0000000674800000, 0x0000000674c00000|  0%| F|  |TAMS 0x0000000674800000, 0x0000000674800000| Untracked 
| 467|0x0000000674c00000, 0x0000000674c00000, 0x0000000675000000|  0%| F|  |TAMS 0x0000000674c00000, 0x0000000674c00000| Untracked 
| 468|0x0000000675000000, 0x0000000675000000, 0x0000000675400000|  0%| F|  |TAMS 0x0000000675000000, 0x0000000675000000| Untracked 
| 469|0x0000000675400000, 0x0000000675400000, 0x0000000675800000|  0%| F|  |TAMS 0x0000000675400000, 0x0000000675400000| Untracked 
| 470|0x0000000675800000, 0x0000000675800000, 0x0000000675c00000|  0%| F|  |TAMS 0x0000000675800000, 0x0000000675800000| Untracked 
| 471|0x0000000675c00000, 0x0000000675c00000, 0x0000000676000000|  0%| F|  |TAMS 0x0000000675c00000, 0x0000000675c00000| Untracked 
| 472|0x0000000676000000, 0x0000000676000000, 0x0000000676400000|  0%| F|  |TAMS 0x0000000676000000, 0x0000000676000000| Untracked 
| 473|0x0000000676400000, 0x0000000676400000, 0x0000000676800000|  0%| F|  |TAMS 0x0000000676400000, 0x0000000676400000| Untracked 
| 474|0x0000000676800000, 0x0000000676800000, 0x0000000676c00000|  0%| F|  |TAMS 0x0000000676800000, 0x0000000676800000| Untracked 
| 475|0x0000000676c00000, 0x0000000676c00000, 0x0000000677000000|  0%| F|  |TAMS 0x0000000676c00000, 0x0000000676c00000| Untracked 
| 476|0x0000000677000000, 0x0000000677000000, 0x0000000677400000|  0%| F|  |TAMS 0x0000000677000000, 0x0000000677000000| Untracked 
| 477|0x0000000677400000, 0x0000000677400000, 0x0000000677800000|  0%| F|  |TAMS 0x0000000677400000, 0x0000000677400000| Untracked 
| 478|0x0000000677800000, 0x0000000677800000, 0x0000000677c00000|  0%| F|  |TAMS 0x0000000677800000, 0x0000000677800000| Untracked 
| 479|0x0000000677c00000, 0x0000000677c00000, 0x0000000678000000|  0%| F|  |TAMS 0x0000000677c00000, 0x0000000677c00000| Untracked 
| 480|0x0000000678000000, 0x0000000678000000, 0x0000000678400000|  0%| F|  |TAMS 0x0000000678000000, 0x0000000678000000| Untracked 
| 481|0x0000000678400000, 0x0000000678400000, 0x0000000678800000|  0%| F|  |TAMS 0x0000000678400000, 0x0000000678400000| Untracked 
| 482|0x0000000678800000, 0x0000000678800000, 0x0000000678c00000|  0%| F|  |TAMS 0x0000000678800000, 0x0000000678800000| Untracked 
| 483|0x0000000678c00000, 0x0000000678c00000, 0x0000000679000000|  0%| F|  |TAMS 0x0000000678c00000, 0x0000000678c00000| Untracked 
| 484|0x0000000679000000, 0x0000000679000000, 0x0000000679400000|  0%| F|  |TAMS 0x0000000679000000, 0x0000000679000000| Untracked 
| 485|0x0000000679400000, 0x0000000679400000, 0x0000000679800000|  0%| F|  |TAMS 0x0000000679400000, 0x0000000679400000| Untracked 
| 486|0x0000000679800000, 0x0000000679800000, 0x0000000679c00000|  0%| F|  |TAMS 0x0000000679800000, 0x0000000679800000| Untracked 
| 487|0x0000000679c00000, 0x0000000679c00000, 0x000000067a000000|  0%| F|  |TAMS 0x0000000679c00000, 0x0000000679c00000| Untracked 
| 488|0x000000067a000000, 0x000000067a000000, 0x000000067a400000|  0%| F|  |TAMS 0x000000067a000000, 0x000000067a000000| Untracked 
| 489|0x000000067a400000, 0x000000067a400000, 0x000000067a800000|  0%| F|  |TAMS 0x000000067a400000, 0x000000067a400000| Untracked 
| 490|0x000000067a800000, 0x000000067a800000, 0x000000067ac00000|  0%| F|  |TAMS 0x000000067a800000, 0x000000067a800000| Untracked 
| 491|0x000000067ac00000, 0x000000067ac00000, 0x000000067b000000|  0%| F|  |TAMS 0x000000067ac00000, 0x000000067ac00000| Untracked 
| 492|0x000000067b000000, 0x000000067b000000, 0x000000067b400000|  0%| F|  |TAMS 0x000000067b000000, 0x000000067b000000| Untracked 
| 493|0x000000067b400000, 0x000000067b400000, 0x000000067b800000|  0%| F|  |TAMS 0x000000067b400000, 0x000000067b400000| Untracked 
| 494|0x000000067b800000, 0x000000067b800000, 0x000000067bc00000|  0%| F|  |TAMS 0x000000067b800000, 0x000000067b800000| Untracked 
| 495|0x000000067bc00000, 0x000000067bc00000, 0x000000067c000000|  0%| F|  |TAMS 0x000000067bc00000, 0x000000067bc00000| Untracked 
| 496|0x000000067c000000, 0x000000067c000000, 0x000000067c400000|  0%| F|  |TAMS 0x000000067c000000, 0x000000067c000000| Untracked 
| 497|0x000000067c400000, 0x000000067c400000, 0x000000067c800000|  0%| F|  |TAMS 0x000000067c400000, 0x000000067c400000| Untracked 
| 498|0x000000067c800000, 0x000000067c800000, 0x000000067cc00000|  0%| F|  |TAMS 0x000000067c800000, 0x000000067c800000| Untracked 
| 499|0x000000067cc00000, 0x000000067cc00000, 0x000000067d000000|  0%| F|  |TAMS 0x000000067cc00000, 0x000000067cc00000| Untracked 
| 500|0x000000067d000000, 0x000000067d000000, 0x000000067d400000|  0%| F|  |TAMS 0x000000067d000000, 0x000000067d000000| Untracked 
| 501|0x000000067d400000, 0x000000067d400000, 0x000000067d800000|  0%| F|  |TAMS 0x000000067d400000, 0x000000067d400000| Untracked 
| 502|0x000000067d800000, 0x000000067d800000, 0x000000067dc00000|  0%| F|  |TAMS 0x000000067d800000, 0x000000067d800000| Untracked 
| 503|0x000000067dc00000, 0x000000067dc00000, 0x000000067e000000|  0%| F|  |TAMS 0x000000067dc00000, 0x000000067dc00000| Untracked 
| 504|0x000000067e000000, 0x000000067e000000, 0x000000067e400000|  0%| F|  |TAMS 0x000000067e000000, 0x000000067e000000| Untracked 
| 505|0x000000067e400000, 0x000000067e400000, 0x000000067e800000|  0%| F|  |TAMS 0x000000067e400000, 0x000000067e400000| Untracked 
| 506|0x000000067e800000, 0x000000067e800000, 0x000000067ec00000|  0%| F|  |TAMS 0x000000067e800000, 0x000000067e800000| Untracked 
| 507|0x000000067ec00000, 0x000000067ec00000, 0x000000067f000000|  0%| F|  |TAMS 0x000000067ec00000, 0x000000067ec00000| Untracked 
| 508|0x000000067f000000, 0x000000067f000000, 0x000000067f400000|  0%| F|  |TAMS 0x000000067f000000, 0x000000067f000000| Untracked 
| 509|0x000000067f400000, 0x000000067f400000, 0x000000067f800000|  0%| F|  |TAMS 0x000000067f400000, 0x000000067f400000| Untracked 
| 510|0x000000067f800000, 0x000000067f800000, 0x000000067fc00000|  0%| F|  |TAMS 0x000000067f800000, 0x000000067f800000| Untracked 
| 511|0x000000067fc00000, 0x000000067fc00000, 0x0000000680000000|  0%| F|  |TAMS 0x000000067fc00000, 0x000000067fc00000| Untracked 
| 512|0x0000000680000000, 0x0000000680000000, 0x0000000680400000|  0%| F|  |TAMS 0x0000000680000000, 0x0000000680000000| Untracked 
| 513|0x0000000680400000, 0x0000000680400000, 0x0000000680800000|  0%| F|  |TAMS 0x0000000680400000, 0x0000000680400000| Untracked 
| 514|0x0000000680800000, 0x0000000680800000, 0x0000000680c00000|  0%| F|  |TAMS 0x0000000680800000, 0x0000000680800000| Untracked 
| 515|0x0000000680c00000, 0x0000000680c00000, 0x0000000681000000|  0%| F|  |TAMS 0x0000000680c00000, 0x0000000680c00000| Untracked 
| 516|0x0000000681000000, 0x0000000681000000, 0x0000000681400000|  0%| F|  |TAMS 0x0000000681000000, 0x0000000681000000| Untracked 
| 517|0x0000000681400000, 0x0000000681400000, 0x0000000681800000|  0%| F|  |TAMS 0x0000000681400000, 0x0000000681400000| Untracked 
| 518|0x0000000681800000, 0x0000000681800000, 0x0000000681c00000|  0%| F|  |TAMS 0x0000000681800000, 0x0000000681800000| Untracked 
| 519|0x0000000681c00000, 0x0000000681c00000, 0x0000000682000000|  0%| F|  |TAMS 0x0000000681c00000, 0x0000000681c00000| Untracked 
| 520|0x0000000682000000, 0x0000000682000000, 0x0000000682400000|  0%| F|  |TAMS 0x0000000682000000, 0x0000000682000000| Untracked 
| 521|0x0000000682400000, 0x0000000682400000, 0x0000000682800000|  0%| F|  |TAMS 0x0000000682400000, 0x0000000682400000| Untracked 
| 522|0x0000000682800000, 0x0000000682800000, 0x0000000682c00000|  0%| F|  |TAMS 0x0000000682800000, 0x0000000682800000| Untracked 
| 523|0x0000000682c00000, 0x0000000682c00000, 0x0000000683000000|  0%| F|  |TAMS 0x0000000682c00000, 0x0000000682c00000| Untracked 
| 524|0x0000000683000000, 0x0000000683000000, 0x0000000683400000|  0%| F|  |TAMS 0x0000000683000000, 0x0000000683000000| Untracked 
| 525|0x0000000683400000, 0x0000000683400000, 0x0000000683800000|  0%| F|  |TAMS 0x0000000683400000, 0x0000000683400000| Untracked 
| 526|0x0000000683800000, 0x0000000683800000, 0x0000000683c00000|  0%| F|  |TAMS 0x0000000683800000, 0x0000000683800000| Untracked 
| 527|0x0000000683c00000, 0x0000000683c00000, 0x0000000684000000|  0%| F|  |TAMS 0x0000000683c00000, 0x0000000683c00000| Untracked 
| 528|0x0000000684000000, 0x0000000684000000, 0x0000000684400000|  0%| F|  |TAMS 0x0000000684000000, 0x0000000684000000| Untracked 
| 529|0x0000000684400000, 0x0000000684400000, 0x0000000684800000|  0%| F|  |TAMS 0x0000000684400000, 0x0000000684400000| Untracked 
| 530|0x0000000684800000, 0x0000000684800000, 0x0000000684c00000|  0%| F|  |TAMS 0x0000000684800000, 0x0000000684800000| Untracked 
| 531|0x0000000684c00000, 0x0000000685000000, 0x0000000685000000|100%| S|CS|TAMS 0x0000000684c00000, 0x0000000684c00000| Complete 
| 532|0x0000000685000000, 0x0000000685000000, 0x0000000685400000|  0%| F|  |TAMS 0x0000000685000000, 0x0000000685000000| Untracked 
| 533|0x0000000685400000, 0x0000000685800000, 0x0000000685800000|100%| S|CS|TAMS 0x0000000685400000, 0x0000000685400000| Complete 
| 534|0x0000000685800000, 0x0000000685800000, 0x0000000685c00000|  0%| F|  |TAMS 0x0000000685800000, 0x0000000685800000| Untracked 
| 535|0x0000000685c00000, 0x0000000685c00000, 0x0000000686000000|  0%| F|  |TAMS 0x0000000685c00000, 0x0000000685c00000| Untracked 
| 536|0x0000000686000000, 0x0000000686000000, 0x0000000686400000|  0%| F|  |TAMS 0x0000000686000000, 0x0000000686000000| Untracked 
| 537|0x0000000686400000, 0x0000000686400000, 0x0000000686800000|  0%| F|  |TAMS 0x0000000686400000, 0x0000000686400000| Untracked 
| 538|0x0000000686800000, 0x0000000686800000, 0x0000000686c00000|  0%| F|  |TAMS 0x0000000686800000, 0x0000000686800000| Untracked 
| 539|0x0000000686c00000, 0x0000000686c00000, 0x0000000687000000|  0%| F|  |TAMS 0x0000000686c00000, 0x0000000686c00000| Untracked 
| 540|0x0000000687000000, 0x0000000687000000, 0x0000000687400000|  0%| F|  |TAMS 0x0000000687000000, 0x0000000687000000| Untracked 
| 541|0x0000000687400000, 0x0000000687400000, 0x0000000687800000|  0%| F|  |TAMS 0x0000000687400000, 0x0000000687400000| Untracked 
| 542|0x0000000687800000, 0x0000000687800000, 0x0000000687c00000|  0%| F|  |TAMS 0x0000000687800000, 0x0000000687800000| Untracked 
| 543|0x0000000687c00000, 0x0000000687c00000, 0x0000000688000000|  0%| F|  |TAMS 0x0000000687c00000, 0x0000000687c00000| Untracked 
| 544|0x0000000688000000, 0x0000000688000000, 0x0000000688400000|  0%| F|  |TAMS 0x0000000688000000, 0x0000000688000000| Untracked 
| 545|0x0000000688400000, 0x0000000688400000, 0x0000000688800000|  0%| F|  |TAMS 0x0000000688400000, 0x0000000688400000| Untracked 
| 546|0x0000000688800000, 0x0000000688800000, 0x0000000688c00000|  0%| F|  |TAMS 0x0000000688800000, 0x0000000688800000| Untracked 
| 547|0x0000000688c00000, 0x0000000688c00000, 0x0000000689000000|  0%| F|  |TAMS 0x0000000688c00000, 0x0000000688c00000| Untracked 
| 548|0x0000000689000000, 0x0000000689000000, 0x0000000689400000|  0%| F|  |TAMS 0x0000000689000000, 0x0000000689000000| Untracked 
| 549|0x0000000689400000, 0x0000000689400000, 0x0000000689800000|  0%| F|  |TAMS 0x0000000689400000, 0x0000000689400000| Untracked 
| 550|0x0000000689800000, 0x0000000689800000, 0x0000000689c00000|  0%| F|  |TAMS 0x0000000689800000, 0x0000000689800000| Untracked 
| 551|0x0000000689c00000, 0x0000000689c00000, 0x000000068a000000|  0%| F|  |TAMS 0x0000000689c00000, 0x0000000689c00000| Untracked 
| 552|0x000000068a000000, 0x000000068a000000, 0x000000068a400000|  0%| F|  |TAMS 0x000000068a000000, 0x000000068a000000| Untracked 
| 553|0x000000068a400000, 0x000000068a400000, 0x000000068a800000|  0%| F|  |TAMS 0x000000068a400000, 0x000000068a400000| Untracked 
| 554|0x000000068a800000, 0x000000068a800000, 0x000000068ac00000|  0%| F|  |TAMS 0x000000068a800000, 0x000000068a800000| Untracked 
| 555|0x000000068ac00000, 0x000000068ac00000, 0x000000068b000000|  0%| F|  |TAMS 0x000000068ac00000, 0x000000068ac00000| Untracked 
| 556|0x000000068b000000, 0x000000068b000000, 0x000000068b400000|  0%| F|  |TAMS 0x000000068b000000, 0x000000068b000000| Untracked 

Card table byte_map: [0x0000023671880000,0x0000023672880000] _byte_map_base: 0x000002366e880000

Marking Bits (Prev, Next): (CMBitMap*) 0x00000236487b85d0, (CMBitMap*) 0x00000236487b8610
 Prev Bits: [0x0000023673880000, 0x000002367b880000)
 Next Bits: [0x0000023600000000, 0x0000023608000000)

Polling page: 0x0000023646e90000

Metaspace:

Usage:
  Non-class:    157.06 MB used.
      Class:     23.28 MB used.
       Both:    180.34 MB used.

Virtual space:
  Non-class space:      192.00 MB reserved,     157.69 MB ( 82%) committed,  3 nodes.
      Class space:        1.00 GB reserved,      23.81 MB (  2%) committed,  1 nodes.
             Both:        1.19 GB reserved,     181.50 MB ( 15%) committed. 

Chunk freelists:
   Non-Class:  1.55 MB
       Class:  8.01 MB
        Both:  9.55 MB

MaxMetaspaceSize: 4.00 GB
CompressedClassSpaceSize: 1.00 GB
Initial GC threshold: 21.00 MB
Current GC threshold: 277.00 MB
CDS: on
MetaspaceReclaimPolicy: balanced
 - commit_granule_bytes: 65536.
 - commit_granule_words: 8192.
 - virtual_space_node_default_size: 8388608.
 - enlarge_chunks_in_place: 1.
 - new_chunks_are_fully_committed: 0.
 - uncommit_free_chunks: 1.
 - use_allocation_guard: 0.
 - handle_deallocations: 1.


Internal statistics:

num_allocs_failed_limit: 3.
num_arena_births: 1782.
num_arena_deaths: 0.
num_vsnodes_births: 4.
num_vsnodes_deaths: 0.
num_space_committed: 2901.
num_space_uncommitted: 0.
num_chunks_returned_to_freelist: 3.
num_chunks_taken_from_freelist: 9040.
num_chunk_merges: 3.
num_chunk_splits: 6374.
num_chunks_enlarged: 4738.
num_inconsistent_stats: 0.

CodeHeap 'non-profiled nmethods': size=259264Kb used=14853Kb max_used=14859Kb free=244410Kb
 bounds [0x0000023660300000, 0x0000023661190000, 0x0000023670030000]
CodeHeap 'profiled nmethods': size=259264Kb used=44512Kb max_used=44786Kb free=214751Kb
 bounds [0x0000023650030000, 0x0000023652c20000, 0x000002365fd60000]
CodeHeap 'non-nmethods': size=5760Kb used=2690Kb max_used=2754Kb free=3069Kb
 bounds [0x000002365fd60000, 0x0000023660020000, 0x0000023660300000]
 total_blobs=22122 nmethods=20846 adapters=1185
 compilation: enabled
              stopped_count=0, restarted_count=0
 full_count=0

Compilation events (20 events):
Event: 2135.851 Thread 0x00000236c94bd120 nmethod 25709 0x00000236610d3e10 code [0x00000236610d3f80, 0x00000236610d4038]
Event: 2135.851 Thread 0x00000236c94bd120 25691       4       org.gradle.internal.classpath.generated.InterceptorDeclaration_PropertyUpgradesJvmBytecode_TestingJvm::visitMethodInsn (110 bytes)
Event: 2135.851 Thread 0x000002367ba76e30 25721       3       org.objectweb.asm.AnnotationWriter::computeParameterAnnotationsSize (51 bytes)
Event: 2135.852 Thread 0x000002367ba76e30 nmethod 25721 0x00000236500ced10 code [0x00000236500ceec0, 0x00000236500cf168]
Event: 2135.855 Thread 0x000002367ba76e30 25722       3       org.objectweb.asm.ClassWriter::visitNestHost (16 bytes)
Event: 2135.855 Thread 0x000002367ba76e30 nmethod 25722 0x00000236509faf10 code [0x00000236509fb0c0, 0x00000236509fb288]
Event: 2135.866 Thread 0x00000236c94bd120 nmethod 25691 0x0000023661127790 code [0x00000236611279c0, 0x00000236611284a0]
Event: 2135.866 Thread 0x00000236c94bd120 25694       4       org.objectweb.asm.MethodVisitor::visitFrame (22 bytes)
Event: 2135.867 Thread 0x00000236c94bd120 nmethod 25694 0x00000236610d3b10 code [0x00000236610d3c80, 0x00000236610d3d58]
Event: 2135.867 Thread 0x00000236c94bd120 25699       4       org.objectweb.asm.MethodVisitor::visitMaxs (17 bytes)
Event: 2135.867 Thread 0x00000236c94bd120 nmethod 25699 0x00000236610d3810 code [0x00000236610d3980, 0x00000236610d3a38]
Event: 2135.867 Thread 0x00000236c94bd120 25716       4       org.objectweb.asm.MethodVisitor::visitCode (15 bytes)
Event: 2135.868 Thread 0x00000236c94bd120 nmethod 25716 0x0000023661127490 code [0x0000023661127600, 0x00000236611276b8]
Event: 2135.868 Thread 0x00000236c94bd120 25696       4       org.objectweb.asm.ClassReader::createLabel (21 bytes)
Event: 2135.870 Thread 0x00000236c94bd120 nmethod 25696 0x0000023661126f90 code [0x0000023661127120, 0x0000023661127338]
Event: 2135.870 Thread 0x00000236c94bd120 25717       4       org.objectweb.asm.MethodWriter::visitLocalVariable (222 bytes)
Event: 2135.880 Thread 0x000002367ba76e30 25725       3       org.objectweb.asm.ClassWriter::visitNestMember (48 bytes)
Event: 2135.881 Thread 0x000002367ba76e30 nmethod 25725 0x0000023652baa890 code [0x0000023652baaa60, 0x0000023652baaf58]
Event: 2135.882 Thread 0x000002367ba76e30 25726       3       org.objectweb.asm.MethodVisitor::visitIincInsn (17 bytes)
Event: 2135.882 Thread 0x000002367ba76e30 nmethod 25726 0x0000023650a7e410 code [0x0000023650a7e5c0, 0x0000023650a7e7c8]

GC Heap History (20 events):
Event: 2085.068 GC heap after
{Heap after GC invocations=121 (full 0):
 garbage-first heap   total 925696K, used 192288K [0x0000000600000000, 0x0000000800000000)
  region size 4096K, 2 young (8192K), 2 survivors (8192K)
 Metaspace       used 183566K, committed 184768K, reserved 1245184K
  class space    used 23722K, committed 24320K, reserved 1048576K
}
Event: 2086.905 GC heap before
{Heap before GC invocations=121 (full 0):
 garbage-first heap   total 925696K, used 241440K [0x0000000600000000, 0x0000000800000000)
  region size 4096K, 14 young (57344K), 2 survivors (8192K)
 Metaspace       used 183626K, committed 184832K, reserved 1245184K
  class space    used 23731K, committed 24320K, reserved 1048576K
}
Event: 2087.333 GC heap after
{Heap after GC invocations=122 (full 0):
 garbage-first heap   total 925696K, used 193549K [0x0000000600000000, 0x0000000800000000)
  region size 4096K, 2 young (8192K), 2 survivors (8192K)
 Metaspace       used 183626K, committed 184832K, reserved 1245184K
  class space    used 23731K, committed 24320K, reserved 1048576K
}
Event: 2088.289 GC heap before
{Heap before GC invocations=122 (full 0):
 garbage-first heap   total 925696K, used 230413K [0x0000000600000000, 0x0000000800000000)
  region size 4096K, 11 young (45056K), 2 survivors (8192K)
 Metaspace       used 183631K, committed 184832K, reserved 1245184K
  class space    used 23731K, committed 24320K, reserved 1048576K
}
Event: 2088.940 GC heap after
{Heap after GC invocations=123 (full 0):
 garbage-first heap   total 925696K, used 194615K [0x0000000600000000, 0x0000000800000000)
  region size 4096K, 1 young (4096K), 1 survivors (4096K)
 Metaspace       used 183631K, committed 184832K, reserved 1245184K
  class space    used 23731K, committed 24320K, reserved 1048576K
}
Event: 2089.190 GC heap before
{Heap before GC invocations=123 (full 0):
 garbage-first heap   total 925696K, used 231479K [0x0000000600000000, 0x0000000800000000)
  region size 4096K, 11 young (45056K), 1 survivors (4096K)
 Metaspace       used 183637K, committed 184832K, reserved 1245184K
  class space    used 23731K, committed 24320K, reserved 1048576K
}
Event: 2089.251 GC heap after
{Heap after GC invocations=124 (full 0):
 garbage-first heap   total 925696K, used 195422K [0x0000000600000000, 0x0000000800000000)
  region size 4096K, 2 young (8192K), 2 survivors (8192K)
 Metaspace       used 183637K, committed 184832K, reserved 1245184K
  class space    used 23731K, committed 24320K, reserved 1048576K
}
Event: 2089.621 GC heap before
{Heap before GC invocations=124 (full 0):
 garbage-first heap   total 925696K, used 228190K [0x0000000600000000, 0x0000000800000000)
  region size 4096K, 11 young (45056K), 2 survivors (8192K)
 Metaspace       used 183638K, committed 184832K, reserved 1245184K
  class space    used 23731K, committed 24320K, reserved 1048576K
}
Event: 2089.886 GC heap after
{Heap after GC invocations=125 (full 0):
 garbage-first heap   total 2281472K, used 195230K [0x0000000600000000, 0x0000000800000000)
  region size 4096K, 1 young (4096K), 1 survivors (4096K)
 Metaspace       used 183638K, committed 184832K, reserved 1245184K
  class space    used 23731K, committed 24320K, reserved 1048576K
}
Event: 2098.658 GC heap before
{Heap before GC invocations=125 (full 0):
 garbage-first heap   total 2281472K, used 301726K [0x0000000600000000, 0x0000000800000000)
  region size 4096K, 27 young (110592K), 1 survivors (4096K)
 Metaspace       used 183667K, committed 184832K, reserved 1245184K
  class space    used 23733K, committed 24320K, reserved 1048576K
}
Event: 2098.668 GC heap after
{Heap after GC invocations=126 (full 0):
 garbage-first heap   total 2281472K, used 198622K [0x0000000600000000, 0x0000000800000000)
  region size 4096K, 2 young (8192K), 2 survivors (8192K)
 Metaspace       used 183667K, committed 184832K, reserved 1245184K
  class space    used 23733K, committed 24320K, reserved 1048576K
}
Event: 2108.853 GC heap before
{Heap before GC invocations=126 (full 0):
 garbage-first heap   total 2281472K, used 301022K [0x0000000600000000, 0x0000000800000000)
  region size 4096K, 27 young (110592K), 2 survivors (8192K)
 Metaspace       used 183677K, committed 184896K, reserved 1245184K
  class space    used 23734K, committed 24320K, reserved 1048576K
}
Event: 2108.861 GC heap after
{Heap after GC invocations=127 (full 0):
 garbage-first heap   total 2281472K, used 201042K [0x0000000600000000, 0x0000000800000000)
  region size 4096K, 3 young (12288K), 3 survivors (12288K)
 Metaspace       used 183677K, committed 184896K, reserved 1245184K
  class space    used 23734K, committed 24320K, reserved 1048576K
}
Event: 2110.085 GC heap before
{Heap before GC invocations=127 (full 0):
 garbage-first heap   total 2281472K, used 295250K [0x0000000600000000, 0x0000000800000000)
  region size 4096K, 27 young (110592K), 3 survivors (12288K)
 Metaspace       used 183686K, committed 184896K, reserved 1245184K
  class space    used 23734K, committed 24320K, reserved 1048576K
}
Event: 2110.489 GC heap after
{Heap after GC invocations=128 (full 0):
 garbage-first heap   total 2281472K, used 202665K [0x0000000600000000, 0x0000000800000000)
  region size 4096K, 3 young (12288K), 3 survivors (12288K)
 Metaspace       used 183686K, committed 184896K, reserved 1245184K
  class space    used 23734K, committed 24320K, reserved 1048576K
}
Event: 2115.342 GC heap before
{Heap before GC invocations=128 (full 0):
 garbage-first heap   total 2281472K, used 296873K [0x0000000600000000, 0x0000000800000000)
  region size 4096K, 27 young (110592K), 3 survivors (12288K)
 Metaspace       used 183708K, committed 184896K, reserved 1245184K
  class space    used 23734K, committed 24320K, reserved 1048576K
}
Event: 2116.590 GC heap after
{Heap after GC invocations=129 (full 0):
 garbage-first heap   total 2281472K, used 206962K [0x0000000600000000, 0x0000000800000000)
  region size 4096K, 3 young (12288K), 3 survivors (12288K)
 Metaspace       used 183708K, committed 184896K, reserved 1245184K
  class space    used 23734K, committed 24320K, reserved 1048576K
}
Event: 2125.550 GC heap before
{Heap before GC invocations=129 (full 0):
 garbage-first heap   total 2281472K, used 301170K [0x0000000600000000, 0x0000000800000000)
  region size 4096K, 27 young (110592K), 3 survivors (12288K)
 Metaspace       used 183774K, committed 184960K, reserved 1245184K
  class space    used 23740K, committed 24320K, reserved 1048576K
}
Event: 2127.550 GC heap after
{Heap after GC invocations=130 (full 0):
 garbage-first heap   total 2281472K, used 220043K [0x0000000600000000, 0x0000000800000000)
  region size 4096K, 4 young (16384K), 4 survivors (16384K)
 Metaspace       used 183774K, committed 184960K, reserved 1245184K
  class space    used 23740K, committed 24320K, reserved 1048576K
}
Event: 2135.892 GC heap before
{Heap before GC invocations=130 (full 0):
 garbage-first heap   total 2281472K, used 310155K [0x0000000600000000, 0x0000000800000000)
  region size 4096K, 27 young (110592K), 4 survivors (16384K)
 Metaspace       used 184664K, committed 185856K, reserved 1245184K
  class space    used 23833K, committed 24384K, reserved 1048576K
}

Deoptimization events (20 events):
Event: 2134.127 Thread 0x00000236c69d9ad0 DEOPT UNPACKING pc=0x000002365fdb2b43 sp=0x000000456aefa0d8 mode 0
Event: 2134.134 Thread 0x00000236c69d9ad0 DEOPT PACKING pc=0x0000023651d64c68 sp=0x000000456aefb0d0
Event: 2134.134 Thread 0x00000236c69d9ad0 DEOPT UNPACKING pc=0x000002365fdb2b43 sp=0x000000456aefa5e8 mode 0
Event: 2134.266 Thread 0x00000236c69daf10 DEOPT UNPACKING pc=0x000002365fdb23a3 sp=0x000000456adfa3e8 mode 2
Event: 2135.539 Thread 0x00000236c69daf10 Uncommon trap: trap_request=0xffffff45 fr.pc=0x000002366060fe34 relative=0x0000000000000bd4
Event: 2135.539 Thread 0x00000236c69daf10 Uncommon trap: reason=unstable_if action=reinterpret pc=0x000002366060fe34 method=org.objectweb.asm.Type.appendDescriptor(Ljava/lang/StringBuilder;)V @ 39 c2
Event: 2135.539 Thread 0x00000236c69daf10 DEOPT PACKING pc=0x000002366060fe34 sp=0x000000456adfa1f0
Event: 2135.539 Thread 0x00000236c69daf10 DEOPT UNPACKING pc=0x000002365fdb23a3 sp=0x000000456adfa1d8 mode 2
Event: 2135.541 Thread 0x00000236c69daf10 Uncommon trap: trap_request=0xffffffde fr.pc=0x00000236608f2418 relative=0x00000000000006b8
Event: 2135.541 Thread 0x00000236c69daf10 Uncommon trap: reason=class_check action=maybe_recompile pc=0x00000236608f2418 method=org.objectweb.asm.MethodVisitor.visitInsn(I)V @ 12 c2
Event: 2135.541 Thread 0x00000236c69daf10 DEOPT PACKING pc=0x00000236608f2418 sp=0x000000456adfa9e0
Event: 2135.541 Thread 0x00000236c69daf10 DEOPT UNPACKING pc=0x000002365fdb23a3 sp=0x000000456adfa960 mode 2
Event: 2135.779 Thread 0x00000236c69daf10 Uncommon trap: trap_request=0xffffff45 fr.pc=0x0000023660f4240c relative=0x00000000000028cc
Event: 2135.779 Thread 0x00000236c69daf10 Uncommon trap: reason=unstable_if action=reinterpret pc=0x0000023660f4240c method=org.objectweb.asm.SymbolTable.addConstantIntegerOrFloat(II)Lorg/objectweb/asm/Symbol; @ 33 c2
Event: 2135.779 Thread 0x00000236c69daf10 DEOPT PACKING pc=0x0000023660f4240c sp=0x000000456adfa870
Event: 2135.779 Thread 0x00000236c69daf10 DEOPT UNPACKING pc=0x000002365fdb23a3 sp=0x000000456adfa5d8 mode 2
Event: 2135.878 Thread 0x00000236c69daf10 DEOPT PACKING pc=0x0000023651d64e04 sp=0x000000456adfa610
Event: 2135.878 Thread 0x00000236c69daf10 DEOPT UNPACKING pc=0x000002365fdb2b43 sp=0x000000456adf9b28 mode 0
Event: 2135.889 Thread 0x00000236c69daf10 DEOPT PACKING pc=0x0000023651d64c68 sp=0x000000456adfa610
Event: 2135.889 Thread 0x00000236c69daf10 DEOPT UNPACKING pc=0x000002365fdb2b43 sp=0x000000456adf9b28 mode 0

Classes unloaded (0 events):
No events

Classes redefined (0 events):
No events

Internal exceptions (20 events):
Event: 1987.432 Thread 0x00000236c3f66fd0 Exception <a 'java/lang/ClassNotFoundException'{0x000000061c329378}: org/gradle/api/internal/artifacts/dsl/dependencies/DefaultDependencyHandlerCustomizer> (0x000000061c329378) 
thrown [s\open\src\hotspot\share\classfile\systemDictionary.cpp, line 256]
Event: 1987.434 Thread 0x00000236c3f66fd0 Exception <a 'java/lang/ClassNotFoundException'{0x000000061c36a328}: org/gradle/api/internal/artifacts/dsl/dependencies/DefaultDependencyHandler_DecoratedCustomizer> (0x000000061c36a328) 
thrown [s\open\src\hotspot\share\classfile\systemDictionary.cpp, line 256]
Event: 1989.972 Thread 0x00000236c3f66fd0 Implicit null exception at 0x000002366052074e to 0x0000023660520774
Event: 1996.440 Thread 0x00000236c3f66fd0 Implicit null exception at 0x0000023660db7e55 to 0x0000023660db8228
Event: 1998.713 Thread 0x00000236c3f66fd0 Implicit null exception at 0x0000023660d4595a to 0x0000023660d469a8
Event: 1999.324 Thread 0x00000236c3f66fd0 Implicit null exception at 0x0000023660d4595a to 0x0000023660d469a8
Event: 1999.339 Thread 0x00000236c3f66fd0 Implicit null exception at 0x0000023660d4595a to 0x0000023660d469a8
Event: 2000.599 Thread 0x00000236c3f66fd0 Implicit null exception at 0x0000023660d67edd to 0x0000023660d6822c
Event: 2001.372 Thread 0x00000236c3f66fd0 Exception <a 'java/lang/NoSuchMethodError'{0x000000061be0cd58}: 'void java.lang.invoke.DirectMethodHandle$Holder.invokeVirtual(java.lang.Object, java.lang.Object, long)'> (0x000000061be0cd58) 
thrown [s\open\src\hotspot\share\interpreter\linkResolver.cpp, line 759]
Event: 2001.372 Thread 0x00000236c3f66fd0 Implicit null exception at 0x0000023660ad0caf to 0x0000023660ad0f44
Event: 2003.865 Thread 0x00000236c3f66fd0 Exception <a 'java/lang/NoSuchMethodError'{0x000000061bf94ce8}: 'int java.lang.invoke.DirectMethodHandle$Holder.invokeSpecial(java.lang.Object, java.lang.Object, int)'> (0x000000061bf94ce8) 
thrown [s\open\src\hotspot\share\interpreter\linkResolver.cpp, line 759]
Event: 2008.490 Thread 0x00000236d7620f20 Implicit null exception at 0x0000023660d4595a to 0x0000023660d469a8
Event: 2008.516 Thread 0x00000236d7620a10 Implicit null exception at 0x0000023660d4595a to 0x0000023660d469a8
Event: 2099.771 Thread 0x00000236c69dd280 Implicit null exception at 0x0000023661113f4c to 0x0000023661114110
Event: 2127.609 Thread 0x00000236c69daf10 Implicit null exception at 0x00000236605c5182 to 0x00000236605c8184
Event: 2128.897 Thread 0x00000236c3f66fd0 Exception <a 'sun/nio/fs/WindowsException'{0x0000000689530f20}> (0x0000000689530f20) 
thrown [s\open\src\hotspot\share\prims\jni.cpp, line 516]
Event: 2128.898 Thread 0x00000236c69d9ad0 Exception <a 'sun/nio/fs/WindowsException'{0x0000000689a97030}> (0x0000000689a97030) 
thrown [s\open\src\hotspot\share\prims\jni.cpp, line 516]
Event: 2128.898 Thread 0x00000236c69dc860 Exception <a 'sun/nio/fs/WindowsException'{0x00000006895501d8}> (0x00000006895501d8) 
thrown [s\open\src\hotspot\share\prims\jni.cpp, line 516]
Event: 2128.911 Thread 0x00000236c69daf10 Exception <a 'sun/nio/fs/WindowsException'{0x000000068954d1c0}> (0x000000068954d1c0) 
thrown [s\open\src\hotspot\share\prims\jni.cpp, line 516]
Event: 2133.588 Thread 0x00000236c69dc860 Exception <a 'sun/nio/fs/WindowsException'{0x000000068845f350}> (0x000000068845f350) 
thrown [s\open\src\hotspot\share\prims\jni.cpp, line 516]

VM Operations (20 events):
Event: 2127.551 Executing VM operation: G1CollectForAllocation done
Event: 2128.553 Executing VM operation: Cleanup
Event: 2128.579 Executing VM operation: Cleanup done
Event: 2129.580 Executing VM operation: Cleanup
Event: 2129.580 Executing VM operation: Cleanup done
Event: 2130.440 Executing VM operation: HandshakeAllThreads
Event: 2130.440 Executing VM operation: HandshakeAllThreads done
Event: 2132.442 Executing VM operation: Cleanup
Event: 2132.504 Executing VM operation: Cleanup done
Event: 2133.505 Executing VM operation: Cleanup
Event: 2133.564 Executing VM operation: Cleanup done
Event: 2133.594 Executing VM operation: HandshakeAllThreads
Event: 2133.594 Executing VM operation: HandshakeAllThreads done
Event: 2133.660 Executing VM operation: HandshakeAllThreads
Event: 2133.660 Executing VM operation: HandshakeAllThreads done
Event: 2134.661 Executing VM operation: Cleanup
Event: 2135.023 Executing VM operation: Cleanup done
Event: 2135.379 Executing VM operation: HandshakeAllThreads
Event: 2135.492 Executing VM operation: HandshakeAllThreads done
Event: 2135.892 Executing VM operation: G1CollectForAllocation

Events (20 events):
Event: 2135.535 Thread 0x000002367ba78750 flushing nmethod 0x0000023652bc9a10
Event: 2135.535 Thread 0x000002367ba78750 flushing nmethod 0x0000023652bca210
Event: 2135.535 Thread 0x000002367ba78750 flushing nmethod 0x0000023652bcaf10
Event: 2135.535 Thread 0x000002367ba78750 flushing nmethod 0x0000023652bcbf10
Event: 2135.535 Thread 0x000002367ba78750 flushing nmethod 0x0000023652bcd510
Event: 2135.535 Thread 0x000002367ba78750 flushing nmethod 0x0000023652bcde10
Event: 2135.535 Thread 0x000002367ba78750 flushing nmethod 0x0000023652bce790
Event: 2135.535 Thread 0x000002367ba78750 flushing nmethod 0x0000023652bcef10
Event: 2135.535 Thread 0x000002367ba78750 flushing nmethod 0x0000023652bcf290
Event: 2135.535 Thread 0x000002367ba78750 flushing nmethod 0x0000023652bcf710
Event: 2135.535 Thread 0x000002367ba78750 flushing nmethod 0x0000023652bd0310
Event: 2135.535 Thread 0x000002367ba78750 flushing nmethod 0x0000023652bd2690
Event: 2135.535 Thread 0x000002367ba78750 flushing nmethod 0x0000023652bd4090
Event: 2135.535 Thread 0x000002367ba78750 flushing nmethod 0x0000023652bd4490
Event: 2135.535 Thread 0x000002367ba78750 flushing nmethod 0x0000023652bd4f10
Event: 2135.535 Thread 0x000002367ba78750 flushing nmethod 0x0000023652bd5810
Event: 2135.535 Thread 0x000002367ba78750 flushing nmethod 0x0000023652bd6290
Event: 2135.535 Thread 0x000002367ba78750 flushing nmethod 0x0000023652bd6790
Event: 2135.535 Thread 0x000002367ba78750 flushing nmethod 0x0000023652bd6b90
Event: 2135.535 Thread 0x000002367ba78750 flushing nmethod 0x0000023652bd7010


Dynamic libraries:
0x00007ff6b2250000 - 0x00007ff6b2260000 	C:\Program Files\Java\jdk-17\bin\java.exe
0x00007ffec07e0000 - 0x00007ffec0a43000 	C:\Windows\SYSTEM32\ntdll.dll
0x00007ffebf620000 - 0x00007ffebf6e7000 	C:\Windows\System32\KERNEL32.DLL
0x00007ffebe210000 - 0x00007ffebe5b1000 	C:\Windows\System32\KERNELBASE.dll
0x00007ffebdbf0000 - 0x00007ffebdd3b000 	C:\Windows\System32\ucrtbase.dll
0x00007ffeaffa0000 - 0x00007ffeaffb9000 	C:\Program Files\Java\jdk-17\bin\jli.dll
0x00007ffeb82f0000 - 0x00007ffeb830b000 	C:\Program Files\Java\jdk-17\bin\VCRUNTIME140.dll
0x00007ffebeb50000 - 0x00007ffebec02000 	C:\Windows\System32\ADVAPI32.dll
0x00007ffebf3a0000 - 0x00007ffebf449000 	C:\Windows\System32\msvcrt.dll
0x00007ffebf190000 - 0x00007ffebf237000 	C:\Windows\System32\sechost.dll
0x00007ffebecc0000 - 0x00007ffebedd6000 	C:\Windows\System32\RPCRT4.dll
0x00007ffec04f0000 - 0x00007ffec06b3000 	C:\Windows\System32\USER32.dll
0x00007ffebddc0000 - 0x00007ffebdde7000 	C:\Windows\System32\win32u.dll
0x00007ffeada90000 - 0x00007ffeadd20000 	C:\Windows\WinSxS\amd64_microsoft.windows.common-controls_6595b64144ccf1df_6.0.26100.1591_none_3e0fac18e32dc903\COMCTL32.dll
0x00007ffebe6b0000 - 0x00007ffebe6da000 	C:\Windows\System32\GDI32.dll
0x00007ffebdea0000 - 0x00007ffebdfc1000 	C:\Windows\System32\gdi32full.dll
0x00007ffebddf0000 - 0x00007ffebde93000 	C:\Windows\System32\msvcp_win.dll
0x00007ffeb2790000 - 0x00007ffeb279b000 	C:\Windows\SYSTEM32\VERSION.dll
0x00007ffebe670000 - 0x00007ffebe69f000 	C:\Windows\System32\IMM32.DLL
0x00007ffeb82b0000 - 0x00007ffeb82bc000 	C:\Program Files\Java\jdk-17\bin\vcruntime140_1.dll
0x00007ffe9f080000 - 0x00007ffe9f10e000 	C:\Program Files\Java\jdk-17\bin\msvcp140.dll
0x00007ffe8b6e0000 - 0x00007ffe8c2c0000 	C:\Program Files\Java\jdk-17\bin\server\jvm.dll
0x00007ffebe730000 - 0x00007ffebe738000 	C:\Windows\System32\PSAPI.DLL
0x00007ffeb39e0000 - 0x00007ffeb39ea000 	C:\Windows\SYSTEM32\WSOCK32.dll
0x00007ffeadd30000 - 0x00007ffeadd66000 	C:\Windows\SYSTEM32\WINMM.dll
0x00007ffebf030000 - 0x00007ffebf0a4000 	C:\Windows\System32\WS2_32.dll
0x00007ffebca50000 - 0x00007ffebca6a000 	C:\Windows\SYSTEM32\kernel.appcore.dll
0x00007ffeb2810000 - 0x00007ffeb281a000 	C:\Program Files\Java\jdk-17\bin\jimage.dll
0x00007ffe9cca0000 - 0x00007ffe9cee1000 	C:\Windows\SYSTEM32\DBGHELP.DLL
0x00007ffebe740000 - 0x00007ffebeabc000 	C:\Windows\System32\combase.dll
0x00007ffec06c0000 - 0x00007ffec0796000 	C:\Windows\System32\OLEAUT32.dll
0x00007ffea1040000 - 0x00007ffea1079000 	C:\Windows\SYSTEM32\dbgcore.DLL
0x00007ffebe5c0000 - 0x00007ffebe659000 	C:\Windows\System32\bcryptPrimitives.dll
0x00007ffeb83f0000 - 0x00007ffeb83fe000 	C:\Program Files\Java\jdk-17\bin\instrument.dll
0x00007ffeaff70000 - 0x00007ffeaff95000 	C:\Program Files\Java\jdk-17\bin\java.dll
0x00007ffe9efa0000 - 0x00007ffe9f077000 	C:\Program Files\Java\jdk-17\bin\jsvml.dll
0x00007ffebfdd0000 - 0x00007ffec04c6000 	C:\Windows\System32\SHELL32.dll
0x00007ffebb9e0000 - 0x00007ffebc20a000 	C:\Windows\SYSTEM32\windows.storage.dll
0x00007ffebf0b0000 - 0x00007ffebf183000 	C:\Windows\System32\SHCORE.dll
0x00007ffebf5c0000 - 0x00007ffebf61d000 	C:\Windows\System32\shlwapi.dll
0x00007ffebdb10000 - 0x00007ffebdb39000 	C:\Windows\SYSTEM32\profapi.dll
0x00007ffeac840000 - 0x00007ffeac858000 	C:\Program Files\Java\jdk-17\bin\zip.dll
0x00007ffeaff50000 - 0x00007ffeaff69000 	C:\Program Files\Java\jdk-17\bin\net.dll
0x00007ffeb5b30000 - 0x00007ffeb5c56000 	C:\Windows\SYSTEM32\WINHTTP.dll
0x00007ffebcf50000 - 0x00007ffebcfb8000 	C:\Windows\system32\mswsock.dll
0x00007ffeac860000 - 0x00007ffeac876000 	C:\Program Files\Java\jdk-17\bin\nio.dll
0x00007ffeb2710000 - 0x00007ffeb2720000 	C:\Program Files\Java\jdk-17\bin\verify.dll
0x00007ffebacb0000 - 0x00007ffebacd7000 	C:\Users\PC\.gradle\native\1def1411415f61bf3af743bc5b6707747c0891f09f0c88961ee8f79bc544acac\windows-amd64\native-platform.dll
0x00007ffead200000 - 0x00007ffead278000 	C:\Users\PC\.gradle\native\0.2.7\x86_64-windows-gnu\gradle-fileevents.dll
0x00007ffebacf0000 - 0x00007ffebacfa000 	C:\Program Files\Java\jdk-17\bin\management.dll
0x00007ffebace0000 - 0x00007ffebaceb000 	C:\Program Files\Java\jdk-17\bin\management_ext.dll
0x00007ffebc480000 - 0x00007ffebc4b2000 	C:\Windows\SYSTEM32\IPHLPAPI.DLL
0x00007ffebfd60000 - 0x00007ffebfd6a000 	C:\Windows\System32\NSI.dll
0x00007ffeb58d0000 - 0x00007ffeb58ef000 	C:\Windows\SYSTEM32\dhcpcsvc6.DLL
0x00007ffeb58a0000 - 0x00007ffeb58c5000 	C:\Windows\SYSTEM32\dhcpcsvc.DLL
0x00007ffebc4c0000 - 0x00007ffebc5e0000 	C:\Windows\SYSTEM32\DNSAPI.dll
0x00007ffebd1f0000 - 0x00007ffebd20c000 	C:\Windows\SYSTEM32\CRYPTSP.dll
0x00007ffebc9b0000 - 0x00007ffebc9e8000 	C:\Windows\system32\rsaenh.dll
0x00007ffebcff0000 - 0x00007ffebd01b000 	C:\Windows\SYSTEM32\USERENV.dll
0x00007ffebd440000 - 0x00007ffebd466000 	C:\Windows\SYSTEM32\bcrypt.dll
0x00007ffebd210000 - 0x00007ffebd21c000 	C:\Windows\SYSTEM32\CRYPTBASE.dll
0x00007ffeb1530000 - 0x00007ffeb153e000 	C:\Program Files\Java\jdk-17\bin\sunmscapi.dll
0x00007ffebdfd0000 - 0x00007ffebe146000 	C:\Windows\System32\CRYPT32.dll
0x00007ffebd400000 - 0x00007ffebd430000 	C:\Windows\SYSTEM32\ncrypt.dll
0x00007ffebd3b0000 - 0x00007ffebd3ef000 	C:\Windows\SYSTEM32\NTASN1.dll
0x00007ffeb83e0000 - 0x00007ffeb83e8000 	C:\Windows\system32\wshunix.dll
0x00007ffeac180000 - 0x00007ffeac198000 	C:\Windows\system32\napinsp.dll
0x00007ffeabc10000 - 0x00007ffeabc22000 	C:\Windows\System32\winrnr.dll
0x00007ffeac1e0000 - 0x00007ffeac202000 	C:\Windows\system32\nlansp_c.dll
0x00007ffea98d0000 - 0x00007ffea98e6000 	C:\Windows\system32\wshbth.dll
0x00007ffeb5cf0000 - 0x00007ffeb5cfb000 	C:\Windows\System32\rasadhlp.dll
0x00007ffeb46d0000 - 0x00007ffeb4756000 	C:\Windows\System32\fwpuclnt.dll
0x00007ffe8f630000 - 0x00007ffe8f671000 	C:\Users\PC\AppData\Local\Temp\jna-2547\jna18309769206079211789.dll

dbghelp: loaded successfully - version: 4.0.5 - missing functions: none
symbol engine: initialized successfully - sym options: 0x614 - pdb path: .;C:\Program Files\Java\jdk-17\bin;C:\Windows\SYSTEM32;C:\Windows\WinSxS\amd64_microsoft.windows.common-controls_6595b64144ccf1df_6.0.26100.1591_none_3e0fac18e32dc903;C:\Program Files\Java\jdk-17\bin\server;C:\Users\PC\.gradle\native\1def1411415f61bf3af743bc5b6707747c0891f09f0c88961ee8f79bc544acac\windows-amd64;C:\Users\PC\.gradle\native\0.2.7\x86_64-windows-gnu;C:\Users\PC\AppData\Local\Temp\jna-2547

VM Arguments:
jvm_args: --add-opens=java.base/java.lang=ALL-UNNAMED --add-opens=java.base/java.lang.invoke=ALL-UNNAMED --add-opens=java.base/java.util=ALL-UNNAMED --add-opens=java.prefs/java.util.prefs=ALL-UNNAMED --add-exports=jdk.compiler/com.sun.tools.javac.api=ALL-UNNAMED --add-exports=jdk.compiler/com.sun.tools.javac.util=ALL-UNNAMED --add-opens=java.base/java.util=ALL-UNNAMED --add-opens=java.prefs/java.util.prefs=ALL-UNNAMED --add-opens=java.base/java.nio.charset=ALL-UNNAMED --add-opens=java.base/java.net=ALL-UNNAMED --add-opens=java.base/java.util.concurrent.atomic=ALL-UNNAMED --add-opens=java.xml/javax.xml.namespace=ALL-UNNAMED -XX:MaxMetaspaceSize=4G -XX:ReservedCodeCacheSize=512m -XX:+HeapDumpOnOutOfMemoryError -Xmx8G -Dfile.encoding=windows-1252 -Duser.country=AR -Duser.language=es -Duser.variant -javaagent:C:\Users\PC\.gradle\wrapper\dists\gradle-8.14-all\c2qonpi39x1mddn7hk5gh9iqj\gradle-8.14\lib\agents\gradle-instrumentation-agent-8.14.jar 
java_command: org.gradle.launcher.daemon.bootstrap.GradleDaemon 8.14
java_class_path (initial): C:\Users\PC\.gradle\wrapper\dists\gradle-8.14-all\c2qonpi39x1mddn7hk5gh9iqj\gradle-8.14\lib\gradle-daemon-main-8.14.jar
Launcher Type: SUN_STANDARD

[Global flags]
     intx CICompilerCount                          = 3                                         {product} {ergonomic}
     uint ConcGCThreads                            = 1                                         {product} {ergonomic}
     uint G1ConcRefinementThreads                  = 4                                         {product} {ergonomic}
   size_t G1HeapRegionSize                         = 4194304                                   {product} {ergonomic}
    uintx GCDrainStackTargetSize                   = 64                                        {product} {ergonomic}
     bool HeapDumpOnOutOfMemoryError               = true                                   {manageable} {command line}
   size_t InitialHeapSize                          = 67108864                                  {product} {ergonomic}
   size_t MarkStackSize                            = 4194304                                   {product} {ergonomic}
   size_t MaxHeapSize                              = 8589934592                                {product} {command line}
   size_t MaxMetaspaceSize                         = 4294967296                                {product} {command line}
   size_t MaxNewSize                               = 5150605312                                {product} {ergonomic}
   size_t MinHeapDeltaBytes                        = 4194304                                   {product} {ergonomic}
   size_t MinHeapSize                              = 8388608                                   {product} {ergonomic}
    uintx NonNMethodCodeHeapSize                   = 5832780                                {pd product} {ergonomic}
    uintx NonProfiledCodeHeapSize                  = 265519066                              {pd product} {ergonomic}
    uintx ProfiledCodeHeapSize                     = 265519066                              {pd product} {ergonomic}
    uintx ReservedCodeCacheSize                    = 536870912                              {pd product} {command line}
     bool SegmentedCodeCache                       = true                                      {product} {ergonomic}
   size_t SoftMaxHeapSize                          = 8589934592                             {manageable} {ergonomic}
   double SweeperThreshold                         = 0.234375                                  {product} {ergonomic}
     bool UseCompressedClassPointers               = true                           {product lp64_product} {ergonomic}
     bool UseCompressedOops                        = true                           {product lp64_product} {ergonomic}
     bool UseG1GC                                  = true                                      {product} {ergonomic}
     bool UseLargePagesIndividualAllocation        = false                                  {pd product} {ergonomic}

Logging:
Log output configuration:
 #0: stdout all=warning uptime,level,tags
 #1: stderr all=off uptime,level,tags

Environment Variables:
JAVA_HOME=C:\Program Files\Java\jdk-17
CLASSPATH=C:\Users\PC\elevar_liquidacion\elevar_liquidacion\android\\gradle\wrapper\gradle-wrapper.jar
PATH=C:\Program Files\Java\jdk-17\bin;C:\Program Files\Java\jdk-17\bin;c:\\Users\\PC\\.trae\\tools\\trae-gopls\\current;c:\\Users\\PC\\.trae\\sdks\\workspaces\\3eb55aae\\versions\\node\\current;c:\\Users\\PC\\.trae\\sdks\\versions\\node\\current;C:\flutter\bin\;c:\Users\PC\.trae\tools\trae-gopls\current;c:\Users\PC\.trae\sdks\workspaces\3eb55aae\versions\node\current;c:\Users\PC\.trae\sdks\versions\node\current;C:\Windows\system32;C:\Windows;C:\Windows\System32\Wbem;C:\Windows\System32\WindowsPowerShell\v1.0\;C:\Windows\System32\OpenSSH\;C:\Program Files\Git\cmd;C:\Program Files\dotnet\;C:\Program Files (x86)\Windows Kits\10\Windows Performance Toolkit\;C:\Users\PC\scoop\shims;c:\Users\PC\AppData\Local\Programs\Trae\bin;C:\Users\PC\AppData\Local\Microsoft\WindowsApps;C:\Users\PC\AppData\Local\Programs\Microsoft VS Code\bin;C:\flutter\bin;C:\Users\PC\.dotnet\tools;C:\Users\PC\Documents\jnode\node-v25.4.0-win-x64\node-v25.4.0-win-x64;C:\flutter\bin\mingit\cmd
USERNAME=PC
LANG=en_US.UTF-8
OS=Windows_NT
PROCESSOR_IDENTIFIER=Intel64 Family 6 Model 58 Stepping 9, GenuineIntel



---------------  S Y S T E M  ---------------

OS:
 Windows 11 , 64 bit Build 26100 (10.0.26100.1591)
OS uptime: 0 days 2:39 hours

CPU: total 4 (initial active 4) (4 cores per cpu, 1 threads per core) family 6 model 58 stepping 9 microcode 0x21, cx8, cmov, fxsr, mmx, sse, sse2, sse3, ssse3, sse4.1, sse4.2, popcnt, tsc, tscinvbit, avx, aes, erms, clmul, vzeroupper, clflush

Memory: 4k page, system-wide physical 3972M (517M free)
TotalPageFile size 15367M (AvailPageFile size 902M)
current process WorkingSet (physical memory assigned to process): 870M, peak: 870M
current process commit charge ("private bytes"): 2774M, peak: 4790M

vm_info: Java HotSpot(TM) 64-Bit Server VM (17.0.12+8-LTS-286) for windows-amd64 JRE (17.0.12+8-LTS-286), built on Jun  5 2024 06:46:59 by "mach5one" with MS VC++ 17.6 (VS2022)

END.
